NAMASTE_PRIMARY_CODE,NAMASTE_CODE,NAMASTE_TERM,NAMASTE_ENGLISH,TM2_CODE,TM2_TERM,TM2_URI,MAPPING_CLASS,MAPPING_STATUS,CONFIDENCE,SOURCE,VERSION,NAMASTE_TERM_DIACRITICAL,NAMASTE_TERM_DEVANAGARI,SHORT_DEFINITION,LONG_DEFINITION,ENGLISH_INDEX,PRIMARY_INDEX_RELATED,BIOMEDICAL_CODE,BIOMEDICAL_TERM,RELATIONSHIP
A,A,doShavaiShamyam,derangement of dōṣa,,,,UNMAPPED,UNMAPPED,,NAMASTE_OFFICIAL,NAMASTE_PROTOTYPE_V1,dōṣavaiṣamyam,दोषवैषम्यम्,-,-,-,-,,,
AA,AA,vAtavyAdhiH,disorders due to vāta,,,,UNMAPPED,UNMAPPED,,NAMASTE_OFFICIAL,NAMASTE_PROTOTYPE_V1,vātavyādhiḥ,वातव्याधिः,-,-,-,-,,,
AAA,AAA,doShAvasthA (vAta),morbid state of dōṣa,,,,UNMAPPED,UNMAPPED,,NAMASTE_OFFICIAL,NAMASTE_PROTOTYPE_V1,dōṣāvasthā (vāta),दोषावस्था (वात),-,-,-,-,,,
AAA-2.2,AAA-2.2,prANavAtakopaH,vitiated prāṇavāyu,,,,UNMAPPED,UNMAPPED,,NAMASTE_OFFICIAL,NAMASTE_PROTOTYPE_V1,prāṇavātakōpaḥ,प्राणवातकोपः,-,"the disorder is characterized by hikkā [hiccup], śvāsa [breathlessness/difficult breathing], cakṣurādīnāmupaghāta [impairment of sense organs viz. eye], pīnasa [cold, catarrh], ardita [facial paralysis], tr̥ṭ [thirst], kāsaḥ [cough]",-,-,,,
AAA-2.3,AAA-2.3,udAnavAtakopaH,vitiated udānavāyu,,,,UNMAPPED,UNMAPPED,,NAMASTE_OFFICIAL,NAMASTE_PROTOTYPE_V1,udānavātakōpaḥ,उदानवातकोपः,-,"the disorder is characterized by kaṇṭharōdha [choking of throat/stopping or lowering voice], manōbhraṁśa [mental disturbance], chardiḥ [vomiting], arōcakaḥ [tastelessness], pīnasa [cold, catarrh], galagaṇḍaḥ [glandular swelling in jaw, neck and throat region /goitre], jatrūrdhvarōga [diseases of body above collar bone/diseases of head and neck]",-,-,,,
AAA-2.4,AAA-2.4,vyAnavAtakopaH,vitiated vyānavāyu,,,,UNMAPPED,UNMAPPED,,NAMASTE_OFFICIAL,NAMASTE_PROTOTYPE_V1,vyānavātakōpaḥ,व्यानवातकोपः,-,"the disorder is characterized by puṁstvabhraṁśa [decrease in virility/semen], utsāhabhraṁśa [decrease/lack of enthusiasm/energy], balabhraṁśaḥ [diminution of physical strength], śōpha [oedema], cittōtplava [excitement], jvaraḥ [fever], sarvāṅgarōga [quadriplegia], nistōda [pricking type of pain], rōmaharṣa [horripilation], aṅgasuptatā [numbness of body parts], kuṣṭhaḥ [skin disease], visarpa [spreading cellulitis/erysipelas], sarvāṅgaga rōga [diseases affecting whole body]",-,-,,,
AAA-2.5,AAA-2.5,samAnavAtakopaH,vitiated samānavāyu,,,,UNMAPPED,UNMAPPED,,NAMASTE_OFFICIAL,NAMASTE_PROTOTYPE_V1,samānavātakōpaḥ,समानवातकोपः,-,"the disorder is characterized by gulmaḥ [palpable glandular enlargment in abdomen/abdominal lump], agnisādaḥ [diminution of agni (digestive power)], atisāra [diarrhoea], śūla [colicky pain in the abdomen], grahaṇī [derangement of agni situated in grahaṇī], pakvāśayajarōga [diseases of/having origin in pakvāśaya], āmāśayajarōgaḥ [diseases of/having origin in āmāśaya]",-,-,,,
AAA-2.6,AAA-2.6,apAnavAtakopaH,vitiated apānavāyu,,,,UNMAPPED,UNMAPPED,,NAMASTE_OFFICIAL,NAMASTE_PROTOTYPE_V1,apānavātakōpaḥ,अपानवातकोपः,-,"the disorder is characterized by pakvāśayāśrayarōgaḥ [diseases of pakvāśaya], mūtrapradōṣaḥ [disorders of mūtra/urinary system], śukrapradōṣaḥ [disorders of semen], arśaḥ [haemorrhoids], gudabhraṁśaḥ [rectal prolapse]",-,-,,,
AAB,AAB,nAnAtmajavAtavikAraH,diseases due only to vitiated vāta,,,,UNMAPPED,UNMAPPED,,NAMASTE_OFFICIAL,NAMASTE_PROTOTYPE_V1,nānātmajavātavikāraḥ,नानात्मजवातविकारः,-,-,-,-,,,
AAB-10,AAB-10,akShiBedaH (kEvalavAta),tearing pain of eye (due only to vātadōṣa),,,,UNMAPPED,UNMAPPED,,NAMASTE_OFFICIAL,NAMASTE_PROTOTYPE_V1,akṣibhēdaḥ (kēvalavāta),अक्षिभेदः (केवलवात),-,-,-,-,,,
AAB-100,AAB-100(SP9Y),Saityam (kEvalavAta),Chills disorder only due to Kapha (TM2) ⇒,,Chills disorder only due to Kapha (TM2),http://id.who.int/icd/entity/1546224934,FOUNDATION_CONCEPT_ONLY,FOUNDATION_ONLY,0.8114617510604598,NAMASTE_OFFICIAL + WHO_API,NAMASTE_PROTOTYPE_V1,(a) śaityam,शैत्यम् (केवलवात),-,-,-,Index,,,
AAB-101,AAB-101,SyAvAruNAsyatA (kEvalavAta),dusky-red oral pigmentation (due only to vātadōṣa),,,,UNMAPPED,UNMAPPED,,NAMASTE_OFFICIAL,NAMASTE_PROTOTYPE_V1,śyāvāruṇāsyatā (kēvalavāta),श्यावारुणास्यता (केवलवात),-,-,-,-,,,
AAB-102,AAB-102,SroNiBedaH (kEvalavAta),pelvic pain (due only to vātadōṣa),,,,UNMAPPED,UNMAPPED,,NAMASTE_OFFICIAL,NAMASTE_PROTOTYPE_V1,śrōṇibhēdaḥ (kēvalavāta),श्रोणिभेदः (केवलवात),-,-,-,-,,,
AAB-103,AAB-103(SP9Y),sa~gkocaH (kEvalavAta),Contracture disorder (TM2) ⇒,,Contracture disorder (TM2),http://id.who.int/icd/entity/972171409,FOUNDATION_CONCEPT_ONLY,FOUNDATION_ONLY,0.1060700167324376,NAMASTE_OFFICIAL + WHO_API,NAMASTE_PROTOTYPE_V1,(a) saṅkocaḥ,सङ्कोचः (केवलवात),-,-,-,Index,,,
AAB-104,AAB-104,svedanASaH (kEvalavAta),anhidrosis/hypohidrosis (due only to vātadōṣa),,,,UNMAPPED,UNMAPPED,,NAMASTE_OFFICIAL,NAMASTE_PROTOTYPE_V1,svēdanāśaḥ (kēvalavāta),स्वेदनाशः (केवलवात),-,-,-,-,,,
AAB-105,AAB-105(SP9Y),SramaH (kEvalavAta),Physical exhaustion disorder (TM2) ⇒,,Physical exhaustion disorder (TM2),http://id.who.int/icd/entity/1359928319,FOUNDATION_CONCEPT_ONLY,FOUNDATION_ONLY,0.7586474590476264,NAMASTE_OFFICIAL + WHO_API,NAMASTE_PROTOTYPE_V1,(a) śramaḥ,श्रमः (केवलवात),-,-,-,Index,,,
AAB-106,AAB-106,sarvA~ggarogaH/sarvA~ggavAtaH (kEvalavAta),total body paralysis/quadriplegia (due only to vātadōṣa),,,,UNMAPPED,UNMAPPED,,NAMASTE_OFFICIAL,NAMASTE_PROTOTYPE_V1,sarvāṅgarōgaḥ/sarvāṅgavātaḥ (kēvalavāta),सर्वाङ्गरोगः/सर्वाङ्गवातः (केवलवात),-,-,-,-,,,
AAB-107,AAB-107(SK52),stamBaH (kEvalavAta),Stiffness disorder (TM2) ⇒,,Stiffness disorder (TM2),http://id.who.int/icd/entity/590686526,FOUNDATION_CONCEPT_ONLY,FOUNDATION_ONLY,0.2065161160900302,NAMASTE_OFFICIAL + WHO_API,NAMASTE_PROTOTYPE_V1,(a) stambhaḥ,स्तम्भः (केवलवात),-,-,Rigidity (TM2)                Spasticity (TM2),Index,,,
AAB-108,AAB-108(SP4Y),hanuBedaH (kEvalavAta),Jaw pain disorder (TM2) ⇒,,Jaw pain disorder (TM2),http://id.who.int/icd/entity/79586213,FOUNDATION_CONCEPT_ONLY,FOUNDATION_ONLY,0.6887166255384672,NAMASTE_OFFICIAL + WHO_API,NAMASTE_PROTOTYPE_V1,(a) hanubhedaḥ,हनुभेदः (केवलवात),-,-,-,Index,,,
AAB-109,AAB-109,hikkA (kEvalavAta),hiccup/singultus (due only to vātadōṣa),,,,UNMAPPED,UNMAPPED,,NAMASTE_OFFICIAL,NAMASTE_PROTOTYPE_V1,hikkā (kēvalavāta),हिक्का (केवलवात),-,-,-,-,,,
AAB-11,AAB-11,akShivyudAsaH (kEvalavAta),ptosis of eye ball (due only to vātadōṣa),,,,UNMAPPED,UNMAPPED,,NAMASTE_OFFICIAL,NAMASTE_PROTOTYPE_V1,akṣivyudāsaḥ (kēvalavāta),अक्षिव्युदासः (केवलवात),-,-,-,-,,,
AAB-12,AAB-12,akShiSUlaH (kEvalavAta),piercing type of eye pain (due only to vātadōṣa),,,,UNMAPPED,UNMAPPED,,NAMASTE_OFFICIAL,NAMASTE_PROTOTYPE_V1,akṣiśūlaḥ (kēvalavāta),अक्षिशूलः (केवलवात),-,-,-,-,,,
AAB-13,AAB-13,ATopaH (kEvalavAta),borborygmus (due only to vātadōṣa),,,,UNMAPPED,UNMAPPED,,NAMASTE_OFFICIAL,NAMASTE_PROTOTYPE_V1,āṭōpaḥ (kēvalavāta),आटोपः (केवलवात),-,-,-,-,,,
AAB-14,AAB-14,AkShepakaH (kEvalavAta),clonic convulsion (due only to vātadōṣa),,,,UNMAPPED,UNMAPPED,,NAMASTE_OFFICIAL,NAMASTE_PROTOTYPE_V1,ākṣēpakaḥ (kēvalavāta),आक्षेपकः (केवलवात),-,-,-,-,,,
AAB-16,AAB-16,udarAveShTaH (kEvalavAta),feeling of abdomen as if enveloped by a cloth (due only to vātadōṣa),,,,UNMAPPED,UNMAPPED,,NAMASTE_OFFICIAL,NAMASTE_PROTOTYPE_V1,udarāvēṣṭaḥ (kēvalavāta),उदरावेष्टः (केवलवात),-,-,-,-,,,
AAB-17,AAB-17,udAvartaH (kEvalavAta),obstipation (due only to vātadōṣa),,,,UNMAPPED,UNMAPPED,,NAMASTE_OFFICIAL,NAMASTE_PROTOTYPE_V1,udāvartaḥ (kēvalavāta),उदावर्तः (केवलवात),-,-,-,-,,,
AAB-18,AAB-18,UrustamBaH/ADhyavAtaH (kEvalavAta),stiff thigh (due only to vātadōṣa),,,,UNMAPPED,UNMAPPED,,NAMASTE_OFFICIAL,NAMASTE_PROTOTYPE_V1,ūrustambhaḥ/āḍhyavātaḥ (kēvalavāta),ऊरुस्तम्भः/आढ्यवातः (केवलवात),-,-,-,-,,,
AAB-19,AAB-19,UrusAdaH (kEvalavAta),thigh fatigue (due only to vātadōṣa),,,,UNMAPPED,UNMAPPED,,NAMASTE_OFFICIAL,NAMASTE_PROTOTYPE_V1,ūrusādaḥ (kēvalavāta),ऊरुसादः (केवलवात),-,-,-,-,,,
AAB-20,AAB-20,ekA~ggarogaH (kEvalavAta),monoplegia (due only to vātadōṣa),,,,UNMAPPED,UNMAPPED,,NAMASTE_OFFICIAL,NAMASTE_PROTOTYPE_V1,ēkāṅgarōgaḥ (kēvalavāta),एकाङ्गरोगः (केवलवात),-,-,-,-,,,
AAB-21,AAB-21,oShThaBedaH (kEvalavAta),cleft lip (due only to vātadōṣa),,,,UNMAPPED,UNMAPPED,,NAMASTE_OFFICIAL,NAMASTE_PROTOTYPE_V1,ōṣṭhabhēdaḥ (kēvalavāta),ओष्ठभेदः (केवलवात),-,-,-,-,,,
AAB-23,AAB-23,karNaSUlaH (kEvalavAta),earache/otalgia (due only to vātadōṣa),,,,UNMAPPED,UNMAPPED,,NAMASTE_OFFICIAL,NAMASTE_PROTOTYPE_V1,karṇaśūlaḥ (kēvalavāta),कर्णशूलः (केवलवात),-,-,-,-,,,
AAB-24,AAB-24,kampaH/vepathuH (kEvalavAta),tremor (due only to vātadōṣa),,,,UNMAPPED,UNMAPPED,,NAMASTE_OFFICIAL,NAMASTE_PROTOTYPE_V1,kampaḥ/vēpathuḥ (kēvalavāta),कम्पः/वेपथुः (केवलवात),-,-,-,-,,,
AAB-25,AAB-25(SM1Y),kaShAyAsyatA (kEvalavAta),Feeling of astringent taste disorder (TM2) ⇒,,Feeling of astringent taste disorder (TM2),http://id.who.int/icd/entity/527540165,FOUNDATION_CONCEPT_ONLY,FOUNDATION_ONLY,0.728727946621807,NAMASTE_OFFICIAL + WHO_API,NAMASTE_PROTOTYPE_V1,(a) kaṣāyāsyatā,कषायास्यता (केवलवात),-,-,-,Index,,,
AAB-28,AAB-28,kubjatvam (kEvalavAta),kyphosis/captocormia (due only to vātadōṣa),,,,UNMAPPED,UNMAPPED,,NAMASTE_OFFICIAL,NAMASTE_PROTOTYPE_V1,kubjatvam (kēvalavāta),कुब्जत्वम् (केवलवात),-,-,-,-,,,
AAB-3,AAB-3(SP9Y),a~ggamardaH (kEvalavAta),Generalized body ache disorder (TM2) ⇒,,Generalized body ache disorder (TM2),http://id.who.int/icd/entity/1729019198,FOUNDATION_CONCEPT_ONLY,FOUNDATION_ONLY,0.553188762464943,NAMASTE_OFFICIAL + WHO_API,NAMASTE_PROTOTYPE_V1,(a) aṅgamardaḥ,अङ्गमर्दः (केवलवात),-,-,-,Index,,,
AAB-31,AAB-31,kha~jjaH/kha~jjatvam (kEvalavAta),lameness (unilateral) (due only to vātadōṣa),,,,UNMAPPED,UNMAPPED,,NAMASTE_OFFICIAL,NAMASTE_PROTOTYPE_V1,khañjaḥ/khañjatvam (kēvalavāta),खञ्जः/खञ्जत्वम् (केवलवात),-,-,-,-,,,
AAB-32,AAB-32,garBanASaH (kEvalavAta),foetal distress/foetal death (due only to vātadōṣa),,,,UNMAPPED,UNMAPPED,,NAMASTE_OFFICIAL,NAMASTE_PROTOTYPE_V1,garbhanāśaḥ (kēvalavāta),गर्भनाशः (केवलवात),-,-,-,-,,,
AAB-34,AAB-34,gudaBraMSaH (kEvalavAta),rectal prolapse (due only to vātadōṣa),,,,UNMAPPED,UNMAPPED,,NAMASTE_OFFICIAL,NAMASTE_PROTOTYPE_V1,gudabhraṁśaḥ (kēvalavāta),गुदभ्रंशः (केवलवात),-,-,-,-,,,
AAB-36,AAB-36(SP1Y),gulPa-grahaH (kEvalavAta),Stiff ankle disorder (TM2) ⇒,,Stiff ankle disorder (TM2),http://id.who.int/icd/entity/1212152603,FOUNDATION_CONCEPT_ONLY,FOUNDATION_ONLY,0.5720258771858459,NAMASTE_OFFICIAL + WHO_API,NAMASTE_PROTOTYPE_V1,(a) gulpha-grahaḥ,गुल्फ-ग्रहः (केवलवात),-,-,-,Index,,,
AAB-37,AAB-37,gRudhrasI (kEvalavAta),sciatia (due only to vātadōṣa),,,,UNMAPPED,UNMAPPED,,NAMASTE_OFFICIAL,NAMASTE_PROTOTYPE_V1,gr̥dhrasī (kēvalavāta),गृध्रसी (केवलवात),-,"the disorder is characterized by kramāt sphik-kaṭi-pr̥ṣṭha-ūru-jānu-jaṅghā-padēṣu stambhaḥ [gradual stiffness in gluteal region- low back- upper back- thigh- knee- calf muscles- feet], spandatē muhuḥ [constant/frequent throbbing/twiching sensation], sakthi-nigr̥hṇana [supression/holding down of thighs], jānusaṁdhi-sphuraṇam [twitching sensation in knee], jānusaṁdhi-stabdhatā [stiffness in knee joint], kaṭisaṁdhi-sphuraṇam [twitching sensation in waist], kaṭisaṁdhi-stabdhatā [stiffness of lowback], ūrusaṁdhi-sphuraṇam [twitching sensation in thigh], ūrusaṁdhi-stabdhatā [stiffness in thigh], tōdaḥ [pricking pain], dēha-pravakratā [bending/flexion of the body]",-,-,,,
AAB-39,AAB-39(SP1Y),jAnuBedaH (kEvalavAta),Breaking pain of knees disorder (TM2) ⇒,,Breaking pain of knees disorder (TM2),http://id.who.int/icd/entity/1182010747,FOUNDATION_CONCEPT_ONLY,FOUNDATION_ONLY,0.7563459992491264,NAMASTE_OFFICIAL + WHO_API,NAMASTE_PROTOTYPE_V1,(a) jānubhedaḥ,जानुभेदः (केवलवात),-,-,-,Index,,,
AAB-4,AAB-4(SP9Y),a~ggaSuShkatA (kEvalavAta),Wasting of body part(s) disorder (TM2) ⇒,,Wasting of body part(s) disorder (TM2),http://id.who.int/icd/entity/815650264,FOUNDATION_CONCEPT_ONLY,FOUNDATION_ONLY,0.5872906878041558,NAMASTE_OFFICIAL + WHO_API,NAMASTE_PROTOTYPE_V1,(a) aṅgaśuṣkatā,अङ्गशुष्कता (केवलवात),-,-,-,Index,,,
AAB-40,AAB-40(SP1Y),jAnuviSleShaH (kEvalavAta),Lax knee disorder (TM2) ⇒,,Lax knee disorder (TM2),http://id.who.int/icd/entity/743727294,FOUNDATION_CONCEPT_ONLY,FOUNDATION_ONLY,0.6039117197437822,NAMASTE_OFFICIAL + WHO_API,NAMASTE_PROTOTYPE_V1,(a) jānuviśleṣaḥ,जानुविश्लेषः (केवलवात),-,-,-,Index,,,
AAB-42,AAB-42(SP98),tamaH (kEvalavAta),Fainting disorder due to Vata (TM2) ⇒,,Fainting disorder due to Vata (TM2),http://id.who.int/icd/entity/1110211610,FOUNDATION_CONCEPT_ONLY,FOUNDATION_ONLY,0.7912025316077479,NAMASTE_OFFICIAL + WHO_API,NAMASTE_PROTOTYPE_V1,(a) tamaḥ,तमः (केवलवात),-,-,-,Index,,,
AAB-43,AAB-43,timiraH (kEvalavAta),partial or total blindness/amaurosis/ametropia/partial obstruction of vision (due only to vātadōṣa),,,,UNMAPPED,UNMAPPED,,NAMASTE_OFFICIAL,NAMASTE_PROTOTYPE_V1,timiraḥ (kēvalavāta),तिमिरः (केवलवात),-,-,-,-,,,
AAB-44,AAB-44(SN9Y),tvakSUnyatA (kEvalavAta),Hypoesthesia disorder (TM2) ⇒,,Hypoesthesia disorder (TM2),http://id.who.int/icd/entity/517896479,FOUNDATION_CONCEPT_ONLY,FOUNDATION_ONLY,0.7551681571612028,NAMASTE_OFFICIAL + WHO_API,NAMASTE_PROTOTYPE_V1,(a) prasuptiḥ                              (a) tvakśūnyatā,त्वक्शून्यता (केवलवात),-,-,-,Index,,,
AAB-45,AAB-45(SP9Y),todaH (kEvalavAta),Pricking pain disorder (TM2) ⇒,,Pricking pain disorder (TM2),http://id.who.int/icd/entity/1850213017,FOUNDATION_CONCEPT_ONLY,FOUNDATION_ONLY,0.6985493831203288,NAMASTE_OFFICIAL + WHO_API,NAMASTE_PROTOTYPE_V1,(a) todaḥ,तोदः (केवलवात),-,-,-,Index,,,
AAB-46,AAB-46(SK30),daNDakaH (kEvalavAta),Whole body stiffness with immobility disorder (TM2) ⇒,,Whole body stiffness with immobility disorder (TM2),http://id.who.int/icd/entity/785246141,FOUNDATION_CONCEPT_ONLY,FOUNDATION_ONLY,0.8318600704602113,NAMASTE_OFFICIAL + WHO_API,NAMASTE_PROTOTYPE_V1,(a) daṇḍakaḥ,दण्डकः (केवलवात),-,-,-,Index,,,
AAB-47,AAB-47,dantaBedaH (kEvalavAta),odontalgia/tooth fracture (due only to vātadōṣa),,,,UNMAPPED,UNMAPPED,,NAMASTE_OFFICIAL,NAMASTE_PROTOTYPE_V1,dantabhēdaḥ (kēvalavāta),दन्तभेदः (केवलवात),-,-,-,-,,,
AAB-48,AAB-48(SM1Y),dantaSaithilyam (kEvalavAta),Loose tooth disorder (TM2) ⇒,,Loose tooth disorder (TM2),http://id.who.int/icd/entity/156093360,FOUNDATION_CONCEPT_ONLY,FOUNDATION_ONLY,0.714014824370303,NAMASTE_OFFICIAL + WHO_API,NAMASTE_PROTOTYPE_V1,(a) dantaśaithilyam,दन्तशैथिल्यम् (केवलवात),-,-,-,Index,,,
AAB-50,AAB-50(SN7Y),hrasvakeSaH (kEvalavAta),Short hair disorder (TM2) ⇒,,Short hair disorder (TM2),http://id.who.int/icd/entity/1768428679,FOUNDATION_CONCEPT_ONLY,FOUNDATION_ONLY,0.5490408427465034,NAMASTE_OFFICIAL + WHO_API,NAMASTE_PROTOTYPE_V1,(a) hrasvakeśaḥ,ह्रस्वकेशः (केवलवात),-,-,-,Index,,,
AAB-51,AAB-51,nirAmavAtaH,vitiation of vāta without association of āma (undigested material),,,,UNMAPPED,UNMAPPED,,NAMASTE_OFFICIAL,NAMASTE_PROTOTYPE_V1,nirāmavātaḥ,निरामवातः,-,-,-,-,,,
AAB-52,AAB-52,pakShAghAtaH/pakShavadhaH (kEvalavAta),hemiplegia/hemiparesis (due only to vātadōṣa),,,,UNMAPPED,UNMAPPED,,NAMASTE_OFFICIAL,NAMASTE_PROTOTYPE_V1,pakṣāghātaḥ/pakṣavadhaḥ (kēvalavāta),पक्षाघातः/पक्षवधः (केवलवात),-,-,-,-,,,
AAB-53,AAB-53(SK21),pA~ggulyam (kEvalavAta),lameness (bilateral) / lower limb paralysis (TM2),SK21,Paraplegia disorder (TM2),http://id.who.int/icd/release/11/2026-01/mms/1338037818,CROSS_CODE_MAPPING,TM2_MAPPED,0.7823250311848245,NAMASTE_OFFICIAL + WHO_API,NAMASTE_PROTOTYPE_V1,(a) pāṅgulyam,पाङ्गुल्यम् (केवलवात),-,-,-,Index,,,
AAB-54,AAB-54(SK5Y),pAdaBraMSaH (kEvalavAta),Foot drop disorder (TM2) ⇒,,Foot drop disorder (TM2),http://id.who.int/icd/entity/1203456521,FOUNDATION_CONCEPT_ONLY,FOUNDATION_ONLY,0.5949958096179432,NAMASTE_OFFICIAL + WHO_API,NAMASTE_PROTOTYPE_V1,(a) pādabhraṃśaḥ,पादभ्रंशः (केवलवात),-,-,-,Index,,,
AAB-55,AAB-55(SP4Y),pAdaSUlaH (kEvalavAta),Leg pain disorder (TM2) ⇒,,Leg pain disorder (TM2),http://id.who.int/icd/entity/27463349,FOUNDATION_CONCEPT_ONLY,FOUNDATION_ONLY,0.6752818015706689,NAMASTE_OFFICIAL + WHO_API,NAMASTE_PROTOTYPE_V1,(a) pādaśūlaḥ,पादशूलः (केवलवात),-,-,-,Index,,,
AAB-56,AAB-56(SP45),pAdasuptatA (kEvalavAta),Numbness of foot disorder (TM2) ⇒,,Numbness of foot disorder (TM2),http://id.who.int/icd/entity/103364224,FOUNDATION_CONCEPT_ONLY,FOUNDATION_ONLY,0.5920152838860329,NAMASTE_OFFICIAL + WHO_API,NAMASTE_PROTOTYPE_V1,(a) pādasuptatā,पादसुप्तता (केवलवात),-,-,-,Index,,,
AAB-58,AAB-58,pArSvAvamardaH (kEvalavAta),flank pain (due only to vātadōṣa),,,,UNMAPPED,UNMAPPED,,NAMASTE_OFFICIAL,NAMASTE_PROTOTYPE_V1,pārśvāvamardaḥ (kēvalavāta),पार्श्वावमर्दः (केवलवात),-,-,-,-,,,
AAB-59,AAB-59(SP9Y),piNDikodveShTanam (kEvalavAta),Calf muscle cramp disorder (TM2) ⇒,,Calf muscle cramp disorder (TM2),http://id.who.int/icd/entity/1318597195,FOUNDATION_CONCEPT_ONLY,FOUNDATION_ONLY,0.8264254732215722,NAMASTE_OFFICIAL + WHO_API,NAMASTE_PROTOTYPE_V1,(a) piṇḍikodveṣṭanam,पिण्डिकोद्वेष्टनम् (केवलवात),-,-,-,Index,,,
AAB-6,AAB-6,arditaH (kEvalavAta),facial paralysis (due only to vātadōṣa),,,,UNMAPPED,UNMAPPED,,NAMASTE_OFFICIAL,NAMASTE_PROTOTYPE_V1,arditaḥ (kēvalavāta),अर्दितः (केवलवात),-,-,-,-,,,
AAB-60,AAB-60,purIShAtigADhatvam (kEvalavAta),hard stool (due only to vātadōṣa),,,,UNMAPPED,UNMAPPED,,NAMASTE_OFFICIAL,NAMASTE_PROTOTYPE_V1,purīṣātigāḍhatvam (kēvalavāta),पुरीषातिगाढत्वम् (केवलवात),-,-,-,-,,,
AAB-62,AAB-62,pralApakaH (kEvalavAta),delirium (due only to vātadōṣa),,,,UNMAPPED,UNMAPPED,,NAMASTE_OFFICIAL,NAMASTE_PROTOTYPE_V1,pralāpakaḥ (kēvalavāta),प्रलापकः (केवलवात),-,-,-,-,,,
AAB-63,AAB-63,bAdhiryam (kEvalavAta),deafness (due only to vātadōṣa),,,,UNMAPPED,UNMAPPED,,NAMASTE_OFFICIAL,NAMASTE_PROTOTYPE_V1,bādhiryam (kēvalavāta),बाधिर्यम् (केवलवात),-,-,-,-,,,
AAB-64,AAB-64(SP4Y),bAhuSoShaH (kEvalavAta),Atrophy of arm disorder (TM2) ⇒,,Atrophy of arm disorder (TM2),http://id.who.int/icd/entity/1061088207,FOUNDATION_CONCEPT_ONLY,FOUNDATION_ONLY,0.4912487983362696,NAMASTE_OFFICIAL + WHO_API,NAMASTE_PROTOTYPE_V1,(a) bāhuśoṣaḥ,बाहुशोषः (केवलवात),-,-,-,Index,,,
AAB-65,AAB-65(SP9Y),balahAniH (kEvalavAta),Weakness disorder (TM2) ⇒,,Weakness disorder (TM2),http://id.who.int/icd/entity/1690674677,FOUNDATION_CONCEPT_ONLY,FOUNDATION_ONLY,0.6234605617353756,NAMASTE_OFFICIAL + WHO_API,NAMASTE_PROTOTYPE_V1,(a) balahāniḥ,बलहानिः (केवलवात),-,-,-,Index,,,
AAB-66,AAB-66(SP9Y),BedaH (kEvalavAta),Splitting pain disorder (TM2) ⇒,,Splitting pain disorder (TM2),http://id.who.int/icd/entity/28328664,FOUNDATION_CONCEPT_ONLY,FOUNDATION_ONLY,0.68107387706319,NAMASTE_OFFICIAL + WHO_API,NAMASTE_PROTOTYPE_V1,(a) bhedaḥ,भेदः (केवलवात),-,-,-,Index,,,
AAB-67,AAB-67,BIrutA (kEvalavAta),cowardness (due only to vātadōṣa),,,,UNMAPPED,UNMAPPED,,NAMASTE_OFFICIAL,NAMASTE_PROTOTYPE_V1,,भीरुता (केवलवात),-,-,-,-,,,
AAB-68,AAB-68(SM7Y),mala-apravRutiH (kEvalavAta),Retention of stool disorder (TM2) ⇒,,Retention of stool disorder (TM2),http://id.who.int/icd/entity/1024331807,FOUNDATION_CONCEPT_ONLY,FOUNDATION_ONLY,0.5564009568641766,NAMASTE_OFFICIAL + WHO_API,NAMASTE_PROTOTYPE_V1,(a) mala-apravṛtiḥ,मल-अप्रवृतिः (केवलवात),-,-,-,Index,,,
AAB-69,AAB-69,mUkatvam (kEvalavAta),dumbness/aphasia (due only to vātadōṣa),,,,UNMAPPED,UNMAPPED,,NAMASTE_OFFICIAL,NAMASTE_PROTOTYPE_V1,mūkatvam (kēvalavāta),मूकत्वम् (केवलवात),-,-,-,-,,,
AAB-70,AAB-70,mohaH (kEvalavAta),unconsciousness (due only to vātadōṣa),,,,UNMAPPED,UNMAPPED,,NAMASTE_OFFICIAL,NAMASTE_PROTOTYPE_V1,mōhaḥ (kēvalavāta),मोहः (केवलवात),-,-,-,-,,,
AAB-71,AAB-71,BramaH (kEvalavAta),giddiness (due only to vātadōṣa),,,,UNMAPPED,UNMAPPED,,NAMASTE_OFFICIAL,NAMASTE_PROTOTYPE_V1,bhramaḥ (kēvalavāta),भ्रमः (केवलवात),-,-,-,-,,,
AAB-72,AAB-72(SK5Y),BrUvyudAsaH (kEvalavAta),Twitching eyebrow disorder (TM2) ⇒,,Twitching eyebrow disorder (TM2),http://id.who.int/icd/entity/851538950,FOUNDATION_CONCEPT_ONLY,FOUNDATION_ONLY,0.8248764565916646,NAMASTE_OFFICIAL + WHO_API,NAMASTE_PROTOTYPE_V1,(a) bhrūvyudāsaḥ,भ्रूव्युदासः (केवलवात),-,-,-,Index,,,
AAB-73,AAB-73,manyAstamBaH (kEvalavAta),stiff neck/torticollis/wry neck (due only to vātadōṣa),,,,UNMAPPED,UNMAPPED,,NAMASTE_OFFICIAL,NAMASTE_PROTOTYPE_V1,,मन्यास्तम्भः (केवलवात),-,-,-,-,,,
AAB-76,AAB-76,rajonASaH (kEvalavAta),amenorrhoea (due only to vātadōṣa),,,,UNMAPPED,UNMAPPED,,NAMASTE_OFFICIAL,NAMASTE_PROTOTYPE_V1,rajōnāśaḥ (kēvalavāta),रजोनाशः (केवलवात),-,-,-,-,,,
AAB-78,AAB-78(SP9Y),lomaharShaH (kEvalavAta),Horripilation disorder (TM2) ⇒,,Horripilation disorder (TM2),http://id.who.int/icd/entity/976826458,FOUNDATION_CONCEPT_ONLY,FOUNDATION_ONLY,0.5050880541003974,NAMASTE_OFFICIAL + WHO_API,NAMASTE_PROTOTYPE_V1,(a) lomaharṣaḥ,लोमहर्षः (केवलवात),-,-,-,Index,,,
AAB-79,AAB-79(SK0Y),lalATaBedaH (kEvalavAta),Other specified headache disorders (TM2),8A83,Other primary headache disorder,http://id.who.int/icd/release/11/2026-01/mms/1350703173,CROSS_CODE_MAPPING,TM2_MAPPED,0.8339189145506412,NAMASTE_OFFICIAL + WHO_API,NAMASTE_PROTOTYPE_V1,(a) lalāṭabhedaḥ,ललाटभेदः (केवलवात),-,-,Splitting pain of forehead disorder (TM2) ⇒,Index,,,
AAB-8,AAB-8,aSabdaSravaNam (kEvalavAta),tinnitus (due only to vātadōṣa),,,,UNMAPPED,UNMAPPED,,NAMASTE_OFFICIAL,NAMASTE_PROTOTYPE_V1,aśabdaśravaṇam (kēvalavāta),अशब्दश्रवणम् (केवलवात),-,-,-,-,,,
AAB-80,AAB-80(SP1Y),trikagrahaH (kEvalavAta),Sacroiliac joint stiffness disorder (TM2) ⇒,,Sacroiliac joint stiffness disorder (TM2),http://id.who.int/icd/entity/1120508741,FOUNDATION_CONCEPT_ONLY,FOUNDATION_ONLY,0.7246227525039812,NAMASTE_OFFICIAL + WHO_API,NAMASTE_PROTOTYPE_V1,(a) trikagrahaḥ,त्रिकग्रहः (केवलवात),-,-,-,Index,,,
AAB-81,AAB-81,vartmastamBaH (kEvalavAta),ptosis/stiff eyelid (due only to vātadōṣa),,,,UNMAPPED,UNMAPPED,,NAMASTE_OFFICIAL,NAMASTE_PROTOTYPE_V1,vartmastambhaḥ (kēvalavāta),वर्त्मस्तम्भः (केवलवात),-,-,-,-,,,
AAB-82,AAB-82(SK7Y),vartmasa~gkocaH (kEvalavAta),Entropion disorder (TM2) ⇒,,Entropion disorder (TM2),http://id.who.int/icd/entity/162859231,FOUNDATION_CONCEPT_ONLY,FOUNDATION_ONLY,0.3331522447015997,NAMASTE_OFFICIAL + WHO_API,NAMASTE_PROTOTYPE_V1,(a) vartmasaṅkocaḥ,वर्त्मसङ्कोचः (केवलवात),-,-,-,Index,,,
AAB-83,AAB-83(SP9Y),vakShoparodhaH (kEvalavAta),Impaired thoracic mobility disorder (TM2) ⇒,,Impaired thoracic mobility disorder (TM2),http://id.who.int/icd/entity/1087620139,FOUNDATION_CONCEPT_ONLY,FOUNDATION_ONLY,0.6495826379515612,NAMASTE_OFFICIAL + WHO_API,NAMASTE_PROTOTYPE_V1,(a) vakṣoparodhaḥ,वक्षोपरोधः (केवलवात),-,-,-,Index,,,
AAB-84,AAB-84(SP9Y),vakShastodaH (kEvalavAta),Chest pain disorder (TM2) ⇒,,Chest pain disorder (TM2),http://id.who.int/icd/entity/869810061,FOUNDATION_CONCEPT_ONLY,FOUNDATION_ONLY,0.6901755713633997,NAMASTE_OFFICIAL + WHO_API,NAMASTE_PROTOTYPE_V1,(a) vakṣastodaḥ,वक्षस्तोदः (केवलवात),-,-,-,Index,,,
AAB-86,AAB-86(SP9Y),vAcAlatA (kEvalavAta),Talkativeness disorder (TM2) ⇒,,Talkativeness disorder (TM2),http://id.who.int/icd/entity/1597958829,FOUNDATION_CONCEPT_ONLY,FOUNDATION_ONLY,0.3957579599349842,NAMASTE_OFFICIAL + WHO_API,NAMASTE_PROTOTYPE_V1,(a) vācālatā,वाचालता (केवलवात),-,-,-,Index,,,
AAB-87,AAB-87(SP1Y),vAtakhuDDatA/vAtakaNTakaH (kEvalavAta),Ankle deformity disorder (TM2) ⇒,,Ankle deformity disorder (TM2),http://id.who.int/icd/entity/1291430423,FOUNDATION_CONCEPT_ONLY,FOUNDATION_ONLY,0.7194646534738607,NAMASTE_OFFICIAL + WHO_API,NAMASTE_PROTOTYPE_V1,"(a) vātakhuḍḍatā,                    (a) vātakaṇṭakaḥ",वातखुड्डता/वातकण्टकः (केवलवात),-,-,-,Index,,,
AAB-88,AAB-88(SP9Y),vAmanatvam (kEvalavAta),Dwarfism disorder (TM2) ⇒,,Dwarfism disorder (TM2),http://id.who.int/icd/entity/974156468,FOUNDATION_CONCEPT_ONLY,FOUNDATION_ONLY,0.7014806892830477,NAMASTE_OFFICIAL + WHO_API,NAMASTE_PROTOTYPE_V1,(a) vāmanatvam,वामनत्वम् (केवलवात),-,-,-,Index,,,
AAB-89,AAB-89(SM37),viD-BedaH (kEvalavAta),Diarrhoea disorder due only to Vāta (TM2) ⇒,,Diarrhoea disorder due only to Vāta (TM2),http://id.who.int/icd/entity/181338099,FOUNDATION_CONCEPT_ONLY,FOUNDATION_ONLY,0.784290853110537,NAMASTE_OFFICIAL + WHO_API,NAMASTE_PROTOTYPE_V1,(a) viḍ-bhedaḥ,विड्-भेदः (केवलवात),-,-,-,Index,,,
AAB-9,AAB-9,asvapnaH (kEvalavAta),insomnia (due only to vātadōṣa),,,,UNMAPPED,UNMAPPED,,NAMASTE_OFFICIAL,NAMASTE_PROTOTYPE_V1,asvapnaḥ (kēvalavāta),अस्वप्नः (केवलवात),-,-,-,-,,,
AAB-90,AAB-90,vipAdikA (nAnAtmaja) (kEvalavAta),cracks in palms and soles (due only to vātadōṣa),,,,UNMAPPED,UNMAPPED,,NAMASTE_OFFICIAL,NAMASTE_PROTOTYPE_V1,vipādikā (nānātmaja) (kēvalavāta),विपादिका (नानात्मज) (केवलवात),-,-,-,-,,,
AAB-91,AAB-91(SQ04),viShAdaH/dInatA (kEvalavAta),Transient depression disorder (TM2) ⇒,,Transient depression disorder (TM2),http://id.who.int/icd/entity/245784064,FOUNDATION_CONCEPT_ONLY,FOUNDATION_ONLY,0.7885805934300543,NAMASTE_OFFICIAL + WHO_API,NAMASTE_PROTOTYPE_V1,(a) viṣādaḥ (a) dīnatā,विषादः/दीनता (केवलवात),-,-,-,Index,,,
AAB-92,AAB-92(SN3Y),vRuShaNAkShepaH (kEvalavAta),Scrotal pain disorder (TM2) ⇒,,Scrotal pain disorder (TM2),http://id.who.int/icd/entity/1373985328,FOUNDATION_CONCEPT_ONLY,FOUNDATION_ONLY,0.672844460782891,NAMASTE_OFFICIAL + WHO_API,NAMASTE_PROTOTYPE_V1,(a) vṛṣaṇākṣepaḥ,वृषणाक्षेपः (केवलवात),-,-,-,Index,,,
AAB-93,AAB-93(SP4Y),va~gkShaNAnAhaH (kEvalavAta),Distention of inguinal region disorder (TM2) ⇒,,Distention of inguinal region disorder (TM2),http://id.who.int/icd/entity/1800395020,FOUNDATION_CONCEPT_ONLY,FOUNDATION_ONLY,0.6896670651663113,NAMASTE_OFFICIAL + WHO_API,NAMASTE_PROTOTYPE_V1,(a) vaṅkṣaṇānāhaḥ,वङ्क्षणानाहः (केवलवात),-,-,-,Index,,,
AAB-94,AAB-94(SP9Y),vyathA (kEvalavAta),Agonising pain disorder (TM2) ⇒,,Agonising pain disorder (TM2),http://id.who.int/icd/entity/1684795245,FOUNDATION_CONCEPT_ONLY,FOUNDATION_ONLY,0.7289160698460543,NAMASTE_OFFICIAL + WHO_API,NAMASTE_PROTOTYPE_V1,(a) vyathā,व्यथा (केवलवात),-,-,-,Index,,,
AAB-95,AAB-95(SL7Y),SirAsPUrtiH (kEvalavAta),Vasodilatation disorder (TM2) ⇒,,Vasodilatation disorder (TM2),http://id.who.int/icd/entity/723401449,FOUNDATION_CONCEPT_ONLY,FOUNDATION_ONLY,0.5226227982353401,NAMASTE_OFFICIAL + WHO_API,NAMASTE_PROTOTYPE_V1,(a) śirāsphūrtiḥ,शिरास्फूर्तिः (केवलवात),-,-,-,Index,,,
AAB-96,AAB-96,Siroruk (kEvalavAta),headache/cephalgia/cephalalgia (due only to vātadōṣa),,,,UNMAPPED,UNMAPPED,,NAMASTE_OFFICIAL,NAMASTE_PROTOTYPE_V1,śirōruk (kēvalavāta),शिरोरुक् (केवलवात),-,-,-,-,,,
AAB-98,AAB-98,Sa~gkhaBedaH (kEvalavAta),temporal cephalalgia (due only to vātadōṣa),,,,UNMAPPED,UNMAPPED,,NAMASTE_OFFICIAL,NAMASTE_PROTOTYPE_V1,śaṅkhabhēdaḥ (kēvalavāta),शङ्खभेदः (केवलवात),-,-,-,-,,,
AAC,AAC,sAmAnyajavAtavikAraH,diseases due to vāta,,,,UNMAPPED,UNMAPPED,,NAMASTE_OFFICIAL,NAMASTE_PROTOTYPE_V1,sāmānyajavātavikāraḥ,सामान्यजवातविकारः,-,-,-,-,,,
AAC-1,AAC-1(SK30),antarAyAmaH,Emprosthotonus disorder (TM2) ⇒,,Emprosthotonus disorder (TM2),http://id.who.int/icd/entity/516187391,FOUNDATION_CONCEPT_ONLY,FOUNDATION_ONLY,0.5050880541003974,NAMASTE_OFFICIAL + WHO_API,NAMASTE_PROTOTYPE_V1,(a) antarāyāmaḥ,अन्तरायामः,-,-,-,Index,,,
AAC-10,AAC-10(SP2Y),aMsaSoShaH,Shoulder muscle atrophy disorder (TM2) ⇒,,Shoulder muscle atrophy disorder (TM2),http://id.who.int/icd/entity/1186510597,FOUNDATION_CONCEPT_ONLY,FOUNDATION_ONLY,0.6215836047553411,NAMASTE_OFFICIAL + WHO_API,NAMASTE_PROTOTYPE_V1,(a) aṃsaśoṣaḥ,अंसशोषः,-,-,-,Index,,,
AAC-12.1,AAC-12.1(SM31),pratyAdhmAnaH/pratyAnAhaH,Tympanites disorder (TM2) ⇒,,Tympanites disorder (TM2),http://id.who.int/icd/entity/2061598842,FOUNDATION_CONCEPT_ONLY,FOUNDATION_ONLY,0.4620551223256908,NAMASTE_OFFICIAL + WHO_API,NAMASTE_PROTOTYPE_V1,"(a) pratyādhmānaḥ,                    (a) pratyānāhaḥ",प्रत्याध्मानः/प्रत्यानाहः,-,-,Meteorism (TM2),Index,,,
AAC-13,AAC-13(SK30),bahirAyAmaH/bAhyAyAmaH/dhanuHstamBaH,Opisthotonos disorder (TM2) ⇒,,Opisthotonos disorder (TM2),http://id.who.int/icd/entity/531113391,FOUNDATION_CONCEPT_ONLY,FOUNDATION_ONLY,0.7698847007110914,NAMASTE_OFFICIAL + WHO_API,NAMASTE_PROTOTYPE_V1,(a) bahirāyāmaḥ (a) bāhyāyāmaḥ (a) dhanuḥstambhaḥ,बहिरायामः/बाह्यायामः/धनुःस्तम्भः,-,-,-,Index,,,
AAC-13.1,AAC-13.1(SK30),asAdhyadhanuShkaMpa,Irremediable opisthotonos disorder (TM2) ⇒,,Irremediable opisthotonos disorder (TM2),http://id.who.int/icd/entity/1336663094,FOUNDATION_CONCEPT_ONLY,FOUNDATION_ONLY,0.8343652771613386,NAMASTE_OFFICIAL + WHO_API,NAMASTE_PROTOTYPE_V1,(a) asādhyadhanuṣkaṃpa,असाध्यधनुष्कंप,-,-,-,Index,,,
AAC-15,AAC-15(SK22),ekA~ggavAtaH,Monoplegia disorder (TM2) ⇒,,Monoplegia disorder (TM2),http://id.who.int/icd/entity/1629542330,FOUNDATION_CONCEPT_ONLY,FOUNDATION_ONLY,0.3360478756759606,NAMASTE_OFFICIAL + WHO_API,NAMASTE_PROTOTYPE_V1,(a) ekāṅgavātaḥ,एकाङ्गवातः,-,-,-,Index,,,
AAC-16,AAC-16(SK5Y),kalAyakha~jjaH,Lathyrism disorder (TM2) ⇒,,Lathyrism disorder (TM2),http://id.who.int/icd/entity/1295445349,FOUNDATION_CONCEPT_ONLY,FOUNDATION_ONLY,0.4620551223256908,NAMASTE_OFFICIAL + WHO_API,NAMASTE_PROTOTYPE_V1,(a) kalāyakhañjaḥ,कलायखञ्जः,-,-,-,Index,,,
AAC-17,AAC-17(SP10),kroShTukaSIrShaH,Swollen knee deformity disorder (TM2) ⇒,,Swollen knee deformity disorder (TM2),http://id.who.int/icd/entity/1538054187,FOUNDATION_CONCEPT_ONLY,FOUNDATION_ONLY,0.7781054416015754,NAMASTE_OFFICIAL + WHO_API,NAMASTE_PROTOTYPE_V1,(a) kroṣṭukaśīrṣaḥ,क्रोष्टुकशीर्षः,-,-,-,Index,,,
AAC-18,AAC-18(SK2Y),kha~jjaH/kha~jjatvam,Lameness (unilateral) disorder (TM2) ⇒,,Lameness (unilateral) disorder (TM2),http://id.who.int/icd/entity/1162703190,FOUNDATION_CONCEPT_ONLY,FOUNDATION_ONLY,0.6294861014455214,NAMASTE_OFFICIAL + WHO_API,NAMASTE_PROTOTYPE_V1,(a) khañjaḥ (a) khañjatvam,खञ्जः/खञ्जत्वम्,-,-,-,Index,,,
AAC-2,AAC-2(SK30),apatantrakaH,Convulsive fit disorder (TM2) ⇒,,Convulsive fit disorder (TM2),http://id.who.int/icd/entity/2065680714,FOUNDATION_CONCEPT_ONLY,FOUNDATION_ONLY,0.8345357682137674,NAMASTE_OFFICIAL + WHO_API,NAMASTE_PROTOTYPE_V1,(a) apatantrakaḥ,अपतन्त्रकः,-,-,-,Index,,,
AAC-2.1,AAC-2.1,asAdhya-apatantrakaH,intractable convulsive fit,,,,UNMAPPED,UNMAPPED,,NAMASTE_OFFICIAL,NAMASTE_PROTOTYPE_V1,asādhya-apatantrakaḥ,असाध्य-अपतन्त्रकः,-,"the disorder is characterized by garbhapātasamutpannaḥ [caused by miscarriage], śōṇitātisravōtthitaḥ [caused by excessive bleeding/heamorrhage], abhighātasamutthaḥ [caused by trauma]",-,-,,,
AAC-20.1,AAC-20.1,vAtikagRudhrasI,gRudhrasI due to vāṭa,,,,UNMAPPED,UNMAPPED,,NAMASTE_OFFICIAL,NAMASTE_PROTOTYPE_V1,vātikagr̥dhrasī,वातिकगृध्रसी,-,"the disorder is characterized by kramāt sphik-kaṭi-pr̥ṣṭha-ūru-jānu-jaṅghā-padēṣu stambhaḥ [gradual stiffness in gluteal region- low back- upper back- thigh- knee- calf muscles- feet], spandatē muhuḥ [constant/frequent throbbing/twiching sensation], sakthi-nigr̥hṇana [supression/holding down of thighs], jānusaṁdhi-sphuraṇam [twitching sensation in knee], jānusaṁdhi-stabdhatā [stiffness in knee joint], kaṭisaṁdhi-sphuraṇam [twitching sensation in waist], kaṭisaṁdhi-stabdhatā [stiffness of lowback], ūrusaṁdhi-sphuraṇam [twitching sensation in thigh], ūrusaṁdhi-stabdhatā [stiffness in thigh], tōdaḥ [pricking pain], dēha-pravakratā [bending/flexion of the body]",-,-,,,
AAC-20.2,AAC-20.2,vAtakaPaja-gRudhrasI,gRudhrasI due to vāta and kapha,,,,UNMAPPED,UNMAPPED,,NAMASTE_OFFICIAL,NAMASTE_PROTOTYPE_V1,vātakaphaja-gr̥dhrasī,वातकफज-गृध्रसी,-,"the disorder is characterized by kramāt sphik-kaṭi-pr̥ṣṭha-ūru-jānu-jaṅghā-padēṣu stambhaḥ [gradual stiffness in gluteal region- low back- upper back- thigh- knee- calf muscles- feet], spandatē muhuḥ [constant/frequent throbbing/twiching sensation], sakthi-nigr̥hṇana [supression/holding down of thighs], tandrā [drowsiness/lassitude], gauravam [heaviness], arōcakaḥ/bhaktadvēṣaḥ [tastelessness/aversion to food], vahnimārdavam [diminution of agni /hypofunction of digestive mechanism], mukhaprasēkaḥ [salivation]",-,-,,,
AAC-21,AAC-21(SK22),jihvAstamBaH,Tongue paralysis disorder (TM2) ⇒,,Tongue paralysis disorder (TM2),http://id.who.int/icd/entity/1094475028,FOUNDATION_CONCEPT_ONLY,FOUNDATION_ONLY,0.5588758691044381,NAMASTE_OFFICIAL + WHO_API,NAMASTE_PROTOTYPE_V1,(a) jihvāstambhaḥ,जिह्वास्तम्भः,-,-,-,Index,,,
AAC-239,AAC-239(SK30),daNDApatAnakaH,Orthotonus with rod like stiffness disorder (TM2) ⇒,,Orthotonus with rod like stiffness disorder (TM2),http://id.who.int/icd/entity/1899355736,FOUNDATION_CONCEPT_ONLY,FOUNDATION_ONLY,0.7876312948502191,NAMASTE_OFFICIAL + WHO_API,NAMASTE_PROTOTYPE_V1,(a) daṇḍāpatānakaḥ,दण्डापतानकः,-,-,-,Index,,,
AAC-24.1,AAC-24.1,kaPAnvitapakShAghAtaH,pakśāghāta due to kapha,,,,UNMAPPED,UNMAPPED,,NAMASTE_OFFICIAL,NAMASTE_PROTOTYPE_V1,kaphānvitapakṣāghātaḥ,कफान्वितपक्षाघातः,-,"the disorder is characterized by śaitya [cold on touch on affected side of body], śōtha [oedema], gurutva [heaviness]",-,-,,,
AAC-24.2,AAC-24.2,pittAnvitapakShAghAtaH,pakśāghāta due to pitta,,,,UNMAPPED,UNMAPPED,,NAMASTE_OFFICIAL,NAMASTE_PROTOTYPE_V1,pittānvitapakṣāghātaḥ,पित्तान्वितपक्षाघातः,-,"the disorder is characterized by dāhaḥ [burning sensation], santāpaḥ [burning sensation], mūrcchā [syncope/attacks of swooning]",-,-,,,
AAC-24.3,AAC-24.3,bAla-pakShAghAtaH,hemiplegia in children,,,,UNMAPPED,UNMAPPED,,NAMASTE_OFFICIAL,NAMASTE_PROTOTYPE_V1,bāla-pakṣāghātaḥ,बाल-पक्षाघातः,-,-,-,-,,,
AAC-25,AAC-25(SP9Y),pAdadAhaH,Burning feet disorder (TM2) ⇒,,Burning feet disorder (TM2),http://id.who.int/icd/entity/966337183,FOUNDATION_CONCEPT_ONLY,FOUNDATION_ONLY,0.7649803626175823,NAMASTE_OFFICIAL + WHO_API,NAMASTE_PROTOTYPE_V1,(a) pādadāhaḥ,पाददाहः,-,-,-,Index,,,
AAC-26,AAC-26(SP9Y),pAdaharShaH,Tingling feet disorder (TM2) ⇒,,Tingling feet disorder (TM2),http://id.who.int/icd/entity/988104474,FOUNDATION_CONCEPT_ONLY,FOUNDATION_ONLY,0.6094966941792591,NAMASTE_OFFICIAL + WHO_API,NAMASTE_PROTOTYPE_V1,(a) pādaharṣaḥ,पादहर्षः,-,-,-,Index,,,
AAC-27,AAC-27(SM83),pratitUnI,Colicky pain radiating towards bladder and upwards to abdomen disorder (TM2) ⇒,,Colicky pain radiating towards bladder and upwards to abdomen disorder (TM2),http://id.who.int/icd/entity/1816113381,FOUNDATION_CONCEPT_ONLY,FOUNDATION_ONLY,0.9152900078962644,NAMASTE_OFFICIAL + WHO_API,NAMASTE_PROTOTYPE_V1,(a) pratitūnī,प्रतितूनी,-,-,-,Index,,,
AAC-28,AAC-28,pratyaShThIlA,prostatic hyperplasia,,,,UNMAPPED,UNMAPPED,,NAMASTE_OFFICIAL,NAMASTE_PROTOTYPE_V1,pratyaṣṭhīlā,प्रत्यष्ठीला,-,"the disorder is characterized by rujaḥ/atyugrarujā [pain/excessive pain], aṣṭhīlāvat ghanaṁ granthi [stony hard round shaped gland], vāta-rōdhanam/vātanirōdhaḥ [obstruction to flatus], viḍ-rōdhanam [obstruction to feces], mūtra-rōdhanam [obstruction in passage of urine], āṭōpaḥ [gurgling sound of the intestines/barborygmus], udarādhmānam [distention of abdomen]",-,-,,,
AAC-29,AAC-29,vraNAyAmaH,post-traumatic convulsion,,,,UNMAPPED,UNMAPPED,,NAMASTE_OFFICIAL,NAMASTE_PROTOTYPE_V1,vraṇāyāmaḥ,व्रणायामः,-,-,-,-,,,
AAC-3,AAC-3(SK30),apatAnakaH,Orthotonus disorder (TM2) ⇒,,Orthotonus disorder (TM2),http://id.who.int/icd/entity/199174695,FOUNDATION_CONCEPT_ONLY,FOUNDATION_ONLY,0.4787814983736688,NAMASTE_OFFICIAL + WHO_API,NAMASTE_PROTOTYPE_V1,(a) apatānakaḥ,अपतानकः,-,-,-,Index,,,
AAC-32,AAC-32,manyAstamBaH,stiff neck/torticollis/wry neck,,,,UNMAPPED,UNMAPPED,,NAMASTE_OFFICIAL,NAMASTE_PROTOTYPE_V1,manyāstambhaḥ,मन्यास्तम्भः,-,the disorder is characterized by manyāstambhaḥ [torticollis/stiffness of neck],-,-,,,
AAC-37,AAC-37,SirograhaH,head and neck rigidity,,,,UNMAPPED,UNMAPPED,,NAMASTE_OFFICIAL,NAMASTE_PROTOTYPE_V1,śirōgrahaḥ,शिरोग्रहः,-,-,-,-,,,
AAC-38,AAC-38(SK22),sarvA~ggavAtaH/sarvA~ggarogaH,Total body paralysis disorder (TM2) ⇒/Quadriplegia (TM2),,,,UNMAPPED,NO_RESULT,,NAMASTE_OFFICIAL,NAMASTE_PROTOTYPE_V1,(a) sarvāṅgavātaḥ/(a) sarvāṅgarogaḥ,सर्वाङ्गवातः/सर्वाङ्गरोगः,-,-,-,Index,,,
AAC-39,AAC-39(SL7Y),sirAgrahaH,Vasoconstriction disorder (TM2) ⇒,,Vasoconstriction disorder (TM2),http://id.who.int/icd/entity/799255767,FOUNDATION_CONCEPT_ONLY,FOUNDATION_ONLY,0.5701084989448899,NAMASTE_OFFICIAL + WHO_API,NAMASTE_PROTOTYPE_V1,(a) sirāgrahaḥ,सिराग्रहः,-,-,-,Index,,,
AAC-4.1,AAC-4.1,ardita-pUrvarupam,prodromes of facial paralysis,,,,UNMAPPED,UNMAPPED,,NAMASTE_OFFICIAL,NAMASTE_PROTOTYPE_V1,ardita-pūrvarupam,अर्दित-पूर्वरुपम्,-,"the disorder is characterized by rōmaharṣaḥ [horripilation], vēpathuḥ [shivering/tremors], āvilanētraḥ [turbid/muddy eyes], tvaci svāpaḥ [numbness in skin], tōdaḥ [pricking pain], manyāgrahaḥ [neck stiffness], hanugrahaḥ [lock jaw/catching sensation over jaw], ūrdhvavāyuḥ [upward movement of vāyu]",-,-,,,
AAC-4.2,AAC-4.2,asAdhya-arditaH,irremediable facial palsy,,,,UNMAPPED,UNMAPPED,,NAMASTE_OFFICIAL,NAMASTE_PROTOTYPE_V1,asādhya-arditaḥ,असाध्य-अर्दितः,-,"the disorder is characterized by avyaktabhāṣaṇam [incoherent speech], prasaktabhāṣaṇam [stammering speech/unable to speak, aphasia], kṣīṇaḥ [debilitatated person], kampaḥ/vēpanam [tremors], animiṣākṣasya [unable to close eye]",-,-,,,
AAC-40,AAC-40(SK5Y),hanugrahaH/hanusraMsa,Lock-jaw disorder (TM2) ⇒,,Lock-jaw disorder (TM2),http://id.who.int/icd/entity/2023135585,FOUNDATION_CONCEPT_ONLY,FOUNDATION_ONLY,0.6432015699172111,NAMASTE_OFFICIAL + WHO_API,NAMASTE_PROTOTYPE_V1,(a) hanugrahaḥ (a) hanusraṃsa,हनुग्रहः/हनुस्रंस,-,-,Trismus (TM2),Index,,,
AAC-5,AAC-5(SP0Y),asthipraBedaH,Ostealgia disorder (TM2) ⇒,,Ostealgia disorder (TM2),http://id.who.int/icd/entity/433604821,FOUNDATION_CONCEPT_ONLY,FOUNDATION_ONLY,0.5050880541003974,NAMASTE_OFFICIAL + WHO_API,NAMASTE_PROTOTYPE_V1,(a) asthiprabhedaḥ,अस्थिप्रभेदः,-,-,-,Index,,,
AAC-9.1,AAC-9.1,UrustamBa-pUrvarUpam,prodromes of stiff-thigh,,,,UNMAPPED,UNMAPPED,,NAMASTE_OFFICIAL,NAMASTE_PROTOTYPE_V1,ūrustambha-pūrvarūpam,ऊरुस्तम्भ-पूर्वरूपम्,-,"the disorder is characterized by dhyānaḥ [insensibility/meditatitve appearance], nidrā [sleep], atistaimityam/stimitatā [excessive rigidity], arōcakaḥ [tastelessness], jvaraḥ [fever], lōmaharṣaḥ [horripilation], chardiḥ [vomiting], jaṅghāsadanam [asthenia/fatigue of calf muscles], ūrusadanam [fatigue /weakness in thighs]",-,-,,,
AAC-9.2,AAC-9.2(SK55),asAdhya-UrustamBaH,Intractable stiff-thigh disorder (TM2) ⇒,,Intractable stiff-thigh disorder (TM2),http://id.who.int/icd/entity/1756679545,FOUNDATION_CONCEPT_ONLY,FOUNDATION_ONLY,0.7261775243716475,NAMASTE_OFFICIAL + WHO_API,NAMASTE_PROTOTYPE_V1,(a) asādhya-ūrustambhaḥ,असाध्य-ऊरुस्तम्भः,-,-,-,Index,,,
AAD-1,AAD-1,anyonyAvaraNaH/paraspara-AvaraNaH,mutual occlusion of vāta,,,,UNMAPPED,UNMAPPED,,NAMASTE_OFFICIAL,NAMASTE_PROTOTYPE_V1,anyōnyāvaraṇaḥ/paraspara-āvaraṇaḥ,अन्योन्यावरणः/परस्पर-आवरणः,-,-,-,-,,,
AAD-1.1,AAD-1.1,prANAvRutavyAnavAtaH,disorders of vyānavāta occluded by prāṇāvāta,,,,UNMAPPED,UNMAPPED,,NAMASTE_OFFICIAL,NAMASTE_PROTOTYPE_V1,prāṇāvr̥tavyānavātaḥ,प्राणावृतव्यानवातः,-,"the disorder is characterized by sarvēndriyāṇāṁ śūnyatva [loss of ability of sense organs], smr̥tikṣayaḥ [loss of memory], balakṣayaḥ [loss of physical strength or weakness]",-,-,,,
AAD-1.10,AAD-1.10,apAnAvRuta-vyAnavAtaH,disorders of vyānavāta occluded by apāṇavāta,,,,UNMAPPED,UNMAPPED,,NAMASTE_OFFICIAL,NAMASTE_PROTOTYPE_V1,apānāvr̥ta-vyānavātaḥ,अपानावृत-व्यानवातः,-,"the disorder is characterized by viṭ-atipravr̥ttiḥ [excessive defecation], mūtra-atipravr̥ttiḥ [excessive micturition], rētas-atipravr̥ttiḥ [excessive semen/ejaculation]",-,-,,,
AAD-1.11,AAD-1.11,samAnAvRuta-vyAnavAtaH,disorders of apāṇavāta occluded by samAnA vāta,,,,UNMAPPED,UNMAPPED,,NAMASTE_OFFICIAL,NAMASTE_PROTOTYPE_V1,samānāvr̥ta-vyānavātaḥ,समानावृत-व्यानवातः,-,"the disorder is characterized by mūrcchā [syncope/attacks of swooning], tandrā [drowsiness/lassitude], pralāpaḥ [excess talking/irrelevant speech/incoherent speech], aṅgasādaḥ [exhaustion or tirednes to body /inability to perform physical activities], agnikṣayaḥ [diminution of agni (digestive power)], ōjaḥkṣayaḥ [diminution of vitality/body energy/power], balakṣayaḥ [loss of physical strength or weakness]",-,-,,,
AAD-1.12,AAD-1.12,udAnAvRutavyAnavAtaH,disorders of vyānavāta occluded by udAna vāta,,,,UNMAPPED,UNMAPPED,,NAMASTE_OFFICIAL,NAMASTE_PROTOTYPE_V1,udānāvr̥tavyānavātaḥ,उदानावृतव्यानवातः,-,"the disorder is characterized by stabdhatā [stiffness], alpāgnitā [insufficient digestive power/capacity], asvēdaḥ [anhidrosis/lack of sweating], cēṣṭāhāniḥ [loss of activities/motor function], nimīlanam [having the eyes closed]",-,-,,,
AAD-1.13,AAD-1.13,apAnAvRutasamAnavAtaH,disorders of samānavāta occluded by apāṇavāta,,,,UNMAPPED,UNMAPPED,,NAMASTE_OFFICIAL,NAMASTE_PROTOTYPE_V1,apānāvr̥tasamānavātaḥ,अपानावृतसमानवातः,-,-,-,-,,,
AAD-1.14,AAD-1.14,apAnAvRuta-prANavAtaH,disorders of prāṇāvāta occluded by apāṇavāta,,,,UNMAPPED,UNMAPPED,,NAMASTE_OFFICIAL,NAMASTE_PROTOTYPE_V1,apānāvr̥ta-prāṇavātaḥ,अपानावृत-प्राणवातः,-,-,-,-,,,
AAD-1.15,AAD-1.15,prANAvRuta-apAnavAtaH,disorders of apāṇavāta occluded by prāṇavāta,,,,UNMAPPED,UNMAPPED,,NAMASTE_OFFICIAL,NAMASTE_PROTOTYPE_V1,prāṇāvr̥ta-apānavātaḥ,प्राणावृत-अपानवातः,-,-,-,-,,,
AAD-1.16,AAD-1.16,samAnAvRutaprANavAtaH,disorders of prāṇavāta occluded by samānavāta,,,,UNMAPPED,UNMAPPED,,NAMASTE_OFFICIAL,NAMASTE_PROTOTYPE_V1,samānāvr̥taprāṇavātaḥ,समानावृतप्राणवातः,-,-,-,-,,,
AAD-1.17,AAD-1.17,samAnAvRuta-udAnavAtaH,disorders of udānavāta occluded by samānavāta,,,,UNMAPPED,UNMAPPED,,NAMASTE_OFFICIAL,NAMASTE_PROTOTYPE_V1,samānāvr̥ta-udānavātaḥ,समानावृत-उदानवातः,-,-,-,-,,,
AAD-1.18,AAD-1.18,udAnAvRutasamAnavAtaH,disorders of samānavāta occluded by udAna vāta,,,,UNMAPPED,UNMAPPED,,NAMASTE_OFFICIAL,NAMASTE_PROTOTYPE_V1,udānāvr̥tasamānavātaḥ,उदानावृतसमानवातः,-,-,-,-,,,
AAD-1.19,AAD-1.19,vyAnAvRuta-udAnavAtaH,disorders of udānavāta occluded by vyānavāta,,,,UNMAPPED,UNMAPPED,,NAMASTE_OFFICIAL,NAMASTE_PROTOTYPE_V1,vyānāvr̥ta-udānavātaḥ,व्यानावृत-उदानवातः,-,-,-,-,,,
AAD-1.2,AAD-1.2,vyAnAvRutaprANavAtaH,disorders of prāṇavāta occluded by vyānāvāta,,,,UNMAPPED,UNMAPPED,,NAMASTE_OFFICIAL,NAMASTE_PROTOTYPE_V1,vyānāvr̥taprāṇavātaḥ,व्यानावृतप्राणवातः,-,"the disorder is characterized by svēdōऽtyartham [excessive sweating], lōmaharṣaḥ [horripilation], tvagdōṣaḥ [skin diseases], suptagātratā [numbness in the body parts]",-,-,,,
AAD-1.20,AAD-1.20,vyAnAvRutasamAnavAtaH,disorders of samānavāta occluded by vyāna vāta,,,,UNMAPPED,UNMAPPED,,NAMASTE_OFFICIAL,NAMASTE_PROTOTYPE_V1,vyānāvr̥tasamānavātaḥ,व्यानावृतसमानवातः,-,-,-,-,,,
AAD-1.3,AAD-1.3,prANAvRutasamAnavAtaH,disorders of samānavāta occluded by prāṇāvāta,,,,UNMAPPED,UNMAPPED,,NAMASTE_OFFICIAL,NAMASTE_PROTOTYPE_V1,prāṇāvr̥tasamānavātaḥ,प्राणावृतसमानवातः,-,"the disorder is characterized by jaḍatvam [dullness/frigidity/inactiveness], gadgadatvam [stuttering/stammmering], mūkatvam [dumbness/aphasia]",-,-,,,
AAD-1.4,AAD-1.4,samAnAvRuta-apAnavAtaH,disorders of apāṇavāta occluded by samānāvāta,,,,UNMAPPED,UNMAPPED,,NAMASTE_OFFICIAL,NAMASTE_PROTOTYPE_V1,samānāvr̥ta-apānavātaḥ,समानावृत-अपानवातः,-,"the disorder is characterized by grahaṇī [derangement of agni situated in grahaṇī], pārśvagadaḥ [pain/disease in flanks], hr̥dgadaḥ [diseases of heart], āmāśayaśūlam [colicky pain in epigastric region]",-,-,,,
AAD-1.5,AAD-1.5,prANAvRuta-udAnavAtaH,disorders of udānavāta occluded by prāṇāvāta,,,,UNMAPPED,UNMAPPED,,NAMASTE_OFFICIAL,NAMASTE_PROTOTYPE_V1,prāṇāvr̥ta-udānavātaḥ,प्राणावृत-उदानवातः,-,"the disorder is characterized by śirōgrahaḥ [stiffness of head], pratiśyāyaḥ [cold, catarrh], niḥśvāsōcchvāsasaṁgrahaḥ/niḥśvāsōcchvāsasaṁrōdhaḥ [obstruction/restriction to respiration], hr̥drōgaḥ [diseases of heart], mukhaśōṣaḥ [dryness in mouth]",-,-,,,
AAD-1.6,AAD-1.6,udAnAvRutaprANavAtaH,disorders of prāṇavāta occluded by udānāvāta,,,,UNMAPPED,UNMAPPED,,NAMASTE_OFFICIAL,NAMASTE_PROTOTYPE_V1,udānāvr̥taprāṇavātaḥ,उदानावृतप्राणवातः,-,"the disorder is characterized by karmanāśaḥ [loss of activities], ōjōnāśaḥ [loss of vitality/bodily strength, energy, power], balanāśaḥ [loss of strength], varṇanāśaḥ [loss of lustre/complexion], mr̥tyuḥ [death]",-,-,,,
AAD-1.7,AAD-1.7,udAnAvRuta-apAnavAtaH,disorders of apāṇavāta occluded by udānā vāta,,,,UNMAPPED,UNMAPPED,,NAMASTE_OFFICIAL,NAMASTE_PROTOTYPE_V1,udānāvr̥ta-apānavātaḥ,उदानावृत-अपानवातः,-,"the disorder is characterized by chardiḥ [vomiting], śvāsaḥ [breathlessness/difficult breathing]",-,-,,,
AAD-1.8,AAD-1.8,apAnAvRuta-udAnavAtaH,disorders of udānavāta occluded by apāṇavāta,,,,UNMAPPED,UNMAPPED,,NAMASTE_OFFICIAL,NAMASTE_PROTOTYPE_V1,apānāvr̥ta-udānavātaḥ,अपानावृत-उदानवातः,-,"the disorder is characterized by mōhaḥ [semiconsciousness or stupefaction], alpāgniḥ [insufficient digestive power/capacity], atīsāraḥ [diarrhoea]",-,-,,,
AAD-1.9,AAD-1.9,vyAnAvRuta-apAnavAtaH,disorders of apāṇavāta occluded by vyAnA vāta,,,,UNMAPPED,UNMAPPED,,NAMASTE_OFFICIAL,NAMASTE_PROTOTYPE_V1,vyānāvr̥ta-apānavātaḥ,व्यानावृत-अपानवातः,-,"the disorder is characterized by vamiḥ [vomiting], ādhmānam [abdominal distension], udāvartaḥ [upword movement of vayu due to retention of stool and urine], gulmaḥ [palpable glandular enlargment in abdomen/abdominal lump], artiḥ [pain], parikartikā [sharp cutting pain in anus]",-,-,,,
AAD-2,AAD-2,doShAvRuta-vAtaH,occlusion of vāta by dōṣa,,,,UNMAPPED,UNMAPPED,,NAMASTE_OFFICIAL,NAMASTE_PROTOTYPE_V1,dōṣāvr̥ta-vātaḥ,दोषावृत-वातः,-,-,-,-,,,
AAD-2.1,AAD-2.1(SR20),pittAvRutavAtaH,Pattern of vāta occluded by pitta (TM2) ⇒,,Pattern of vāta occluded by pitta (TM2),http://id.who.int/icd/entity/1437171985,FOUNDATION_CONCEPT_ONLY,FOUNDATION_ONLY,0.7227279174231549,NAMASTE_OFFICIAL + WHO_API,NAMASTE_PROTOTYPE_V1,(a) pittāvṛtavātaḥ,पित्तावृतवातः,-,-,-,Index,,,
AAD-2.10,AAD-2.10(SR20),kaPAvRutavyAnavAtaH,Pattern of circulating vata occluded by kapha (TM2) ⇒,,Pattern of circulating vata occluded by kapha (TM2),http://id.who.int/icd/entity/1179956910,FOUNDATION_CONCEPT_ONLY,FOUNDATION_ONLY,0.7807821119351641,NAMASTE_OFFICIAL + WHO_API,NAMASTE_PROTOTYPE_V1,(a) kaphāvṛtavyānavātaḥ,कफावृतव्यानवातः,-,-,-,Index,,,
AAD-2.11,AAD-2.11(SR20),pittAvRuta-apAnavAtaH,Pattern of descending vata occluded by pitta (TM2) ⇒,,Pattern of descending vata occluded by pitta (TM2),http://id.who.int/icd/entity/685772731,FOUNDATION_CONCEPT_ONLY,FOUNDATION_ONLY,0.7814713964559749,NAMASTE_OFFICIAL + WHO_API,NAMASTE_PROTOTYPE_V1,(a) pittāvṛta-apānavātaḥ,पित्तावृत-अपानवातः,-,-,-,Index,,,
AAD-2.12,AAD-2.12(SR20),kaPAvRuta-apAnavAtaH,Pattern of descending vata occluded by kapha (TM2) ⇒,,Pattern of descending vata occluded by kapha (TM2),http://id.who.int/icd/entity/684281173,FOUNDATION_CONCEPT_ONLY,FOUNDATION_ONLY,0.7822500817174827,NAMASTE_OFFICIAL + WHO_API,NAMASTE_PROTOTYPE_V1,(a) kaphāvṛta-apānavātaḥ,कफावृत-अपानवातः,-,-,-,Index,,,
AAD-2.13,AAD-2.13,kaPapittAvRutavAtaH,disorders of vāta occluded by kapha and pitta,,,,UNMAPPED,UNMAPPED,,NAMASTE_OFFICIAL,NAMASTE_PROTOTYPE_V1,kaphapittāvr̥tavātaḥ,कफपित्तावृतवातः,-,-,-,-,,,
AAD-2.2,AAD-2.2(SR20),kaPAvRutavAtaH,Pattern of vāta occluded by kapha (TM2) ⇒,,Pattern of vāta occluded by kapha (TM2),http://id.who.int/icd/entity/577611991,FOUNDATION_CONCEPT_ONLY,FOUNDATION_ONLY,0.7239803139813291,NAMASTE_OFFICIAL + WHO_API,NAMASTE_PROTOTYPE_V1,(a) kaphāvṛtavātaḥ,कफावृतवातः,-,-,-,Index,,,
AAD-2.3,AAD-2.3(SR20),pittAvRutaprANavAtaH,Pattern of primary impulse of vata occluded by pitta (TM2) ⇒,,Pattern of primary impulse of vata occluded by pitta (TM2),http://id.who.int/icd/entity/1105104537,FOUNDATION_CONCEPT_ONLY,FOUNDATION_ONLY,0.8600336561634538,NAMASTE_OFFICIAL + WHO_API,NAMASTE_PROTOTYPE_V1,(a) pittāvṛtaprāṇavātaḥ,पित्तावृतप्राणवातः,-,-,-,Index,,,
AAD-2.4,AAD-2.4(SR20),kaPAvRutaprANavAtaH,Pattern of primary impulse of vata occluded by kapha (TM2) ⇒,,Pattern of primary impulse of vata occluded by kapha (TM2),http://id.who.int/icd/entity/583669927,FOUNDATION_CONCEPT_ONLY,FOUNDATION_ONLY,0.8603535083405547,NAMASTE_OFFICIAL + WHO_API,NAMASTE_PROTOTYPE_V1,(a) kaphāvṛtaprāṇavātaḥ,कफावृतप्राणवातः,-,-,-,Index,,,
AAD-2.5,AAD-2.5(SR20),pittAvRuta-udAnavAtaH,Pattern of ascending vata occluded by pitta (TM2) ⇒,,Pattern of ascending vata occluded by pitta (TM2),http://id.who.int/icd/entity/604316460,FOUNDATION_CONCEPT_ONLY,FOUNDATION_ONLY,0.7817084369737184,NAMASTE_OFFICIAL + WHO_API,NAMASTE_PROTOTYPE_V1,(a) pittāvṛta-udānavātaḥ,पित्तावृत-उदानवातः,-,-,-,Index,,,
AAD-2.6,AAD-2.6(SR20),kaPAvRuta-udAnavAtaH,Pattern of ascending vata occluded by kapha (TM2) ⇒,,Pattern of ascending vata occluded by kapha (TM2),http://id.who.int/icd/entity/1755182532,FOUNDATION_CONCEPT_ONLY,FOUNDATION_ONLY,0.7824854368567405,NAMASTE_OFFICIAL + WHO_API,NAMASTE_PROTOTYPE_V1,(a) kaphāvṛta-udānavātaḥ,कफावृत-उदानवातः,-,-,-,Index,,,
AAD-2.7,AAD-2.7(SR20),pittAvRuta-samAnavAtaH,Pattern of kindling vata occluded by pitta (TM2) ⇒,,Pattern of kindling vata occluded by pitta (TM2),http://id.who.int/icd/entity/40968827,FOUNDATION_CONCEPT_ONLY,FOUNDATION_ONLY,0.8075560906519988,NAMASTE_OFFICIAL + WHO_API,NAMASTE_PROTOTYPE_V1,(a) pittāvṛta-samānavātaḥ,पित्तावृत-समानवातः,-,-,-,Index,,,
AAD-2.8,AAD-2.8(SR20),kaPAvRutasamAnavAtaH,Pattern of kindling vata occluded by kapha (TM2) ⇒,,Pattern of kindling vata occluded by kapha (TM2),http://id.who.int/icd/entity/1019101917,FOUNDATION_CONCEPT_ONLY,FOUNDATION_ONLY,0.8081602318813806,NAMASTE_OFFICIAL + WHO_API,NAMASTE_PROTOTYPE_V1,(a) kaphāvṛtasamānavātaḥ,कफावृतसमानवातः,-,-,-,Index,,,
AAD-2.9,AAD-2.9(SR20),pittAvRutavyAnavAtaH,Pattern of circulating vata occluded by pitta (TM2) ⇒,,Pattern of circulating vata occluded by pitta (TM2),http://id.who.int/icd/entity/150766871,FOUNDATION_CONCEPT_ONLY,FOUNDATION_ONLY,0.7799928731809735,NAMASTE_OFFICIAL + WHO_API,NAMASTE_PROTOTYPE_V1,(a) pittāvṛtavyānavātaḥ,पित्तावृतव्यानवातः,-,-,-,Index,,,
AAD-3,AAD-3,dhAtvAvRutavAtaH,occlusion of vāta by dhātu,,,,UNMAPPED,UNMAPPED,,NAMASTE_OFFICIAL,NAMASTE_PROTOTYPE_V1,dhātvāvr̥tavātaḥ,धात्वावृतवातः,-,-,-,-,,,
AAD-3.1,AAD-3.1(SR20),raktAvRutavAtaH,Pattern of vāta occluded by blood (TM2) ⇒,,Pattern of vāta occluded by blood (TM2),http://id.who.int/icd/entity/453953631,FOUNDATION_CONCEPT_ONLY,FOUNDATION_ONLY,0.6981392284366464,NAMASTE_OFFICIAL + WHO_API,NAMASTE_PROTOTYPE_V1,(a) raktāvṛtavātaḥ,रक्तावृतवातः,-,-,-,Index,,,
AAD-3.2,AAD-3.2(SR20),mAMsAvRutavAtaH,Pattern of vāta occluded by muscle tissue (TM2) ⇒,,Pattern of vāta occluded by muscle tissue (TM2),http://id.who.int/icd/entity/1642347568,FOUNDATION_CONCEPT_ONLY,FOUNDATION_ONLY,0.7159245540494082,NAMASTE_OFFICIAL + WHO_API,NAMASTE_PROTOTYPE_V1,(a) māṃsāvṛtavātaḥ,मांसावृतवातः,-,-,-,Index,,,
AAD-3.3,AAD-3.3(SR20),medasAvRutavAtaH,Pattern of vāta occluded by fat (TM2) ⇒,,Pattern of vāta occluded by fat (TM2),http://id.who.int/icd/entity/991052531,FOUNDATION_CONCEPT_ONLY,FOUNDATION_ONLY,0.7382577082037195,NAMASTE_OFFICIAL + WHO_API,NAMASTE_PROTOTYPE_V1,(a) medasāvṛtavātaḥ,मेदसावृतवातः,-,-,-,Index,,,
AAD-3.4,AAD-3.4(SR20),asthyAvRutavAtaH,Pattern of vāta occluded by bone tissue (TM2) ⇒,,Pattern of vāta occluded by bone tissue (TM2),http://id.who.int/icd/entity/1590292296,FOUNDATION_CONCEPT_ONLY,FOUNDATION_ONLY,0.723039889126532,NAMASTE_OFFICIAL + WHO_API,NAMASTE_PROTOTYPE_V1,(a) asthyāvṛtavātaḥ,अस्थ्यावृतवातः,-,-,-,Index,,,
AAD-3.5,AAD-3.5(SR20),majjAvRutavAtaH,Pattern of vāta occluded by bone marrow (TM2) ⇒,,Pattern of vāta occluded by bone marrow (TM2),http://id.who.int/icd/entity/1910644712,FOUNDATION_CONCEPT_ONLY,FOUNDATION_ONLY,0.7472418767333137,NAMASTE_OFFICIAL + WHO_API,NAMASTE_PROTOTYPE_V1,(a) majjāvṛtavātaḥ,मज्जावृतवातः,-,-,-,Index,,,
AAD-3.6,AAD-3.6(SR20),SukrAvRutavAtaH,Pattern of vāta occluded by reproductive tisses (TM2) ⇒,,Pattern of vāta occluded by reproductive tisses (TM2),http://id.who.int/icd/entity/2070919308,FOUNDATION_CONCEPT_ONLY,FOUNDATION_ONLY,0.8056479519790161,NAMASTE_OFFICIAL + WHO_API,NAMASTE_PROTOTYPE_V1,(a) śukrāvṛtavātaḥ,शुक्रावृतवातः,-,-,-,Index,,,
AAD-3.7,AAD-3.7(SR20),sarvadhAtvAvRutavAtaH,Pattern of vāta occluded by all primary structural components of the body (TM2) ⇒,,Pattern of vāta occluded by all primary structural components of the body (TM2),http://id.who.int/icd/entity/1962898168,FOUNDATION_CONCEPT_ONLY,FOUNDATION_ONLY,0.8213846018805293,NAMASTE_OFFICIAL + WHO_API,NAMASTE_PROTOTYPE_V1,sarvadhātvāvṛtavātaḥ,सर्वधात्वावृतवातः,-,-,-,Index,,,
AAD-4,AAD-4(SR20),malAvRutavAtaH,Pattern of occlusion of vāta by faeces (TM2) ⇒,,Pattern of occlusion of vāta by faeces (TM2),http://id.who.int/icd/entity/1261040316,FOUNDATION_CONCEPT_ONLY,FOUNDATION_ONLY,0.7112117363866463,NAMASTE_OFFICIAL + WHO_API,NAMASTE_PROTOTYPE_V1,(a) malāvṛtavātaḥ,मलावृतवातः,-,-,-,Index,,,
AAD-4.1,AAD-4.1(SR20),mUtrAvRutavAtaH,Pattern of vāta occluded by urine (TM2) ⇒,,Pattern of vāta occluded by urine (TM2),http://id.who.int/icd/entity/3873895,FOUNDATION_CONCEPT_ONLY,FOUNDATION_ONLY,0.6928483412610986,NAMASTE_OFFICIAL + WHO_API,NAMASTE_PROTOTYPE_V1,(a) mūtrāvṛtavātaḥ,मूत्रावृतवातः,-,-,-,Index,,,
AAD-4.2,AAD-4.2,varcasAvRutavAtaH,disorders of vāta occluded by faeces,,,,UNMAPPED,UNMAPPED,,NAMASTE_OFFICIAL,NAMASTE_PROTOTYPE_V1,varcasāvr̥tavātaḥ,वर्चसावृतवातः,-,"the disorder is characterized by ativibandhaḥ [severe constipation], svē sthānē parikr̥ntati [cutting type of pain in svasthana i.e. rectum/pakvāśaya], vrajatyāśu jarāṁ snēhaḥ [instantaneous digestion of the ingested fat], bhuktē cānahyatē naraḥ [abdominal distention on consumption of food], cirāt pīḍitamannēna duḥkhaṁ śuṣkaṁ śakr̥t sr̥jēt [due to pressure of the undigested food, the patient voids after along time. the voiding is painfull and the stool is dry], śrōṇivaṅkṣaṇapr̥ṣṭhēṣu ruk [pain in the hips, groin, and back], vilōmaḥ mārutaḥ [upward movement of vāyu (flatus or gas) in the abdomen], asvasthaṁ hr̥dayam [discomfort in the cardiac region/heart]",-,-,,,
AAD-5,AAD-5(SR20),annAvRutavAtaH,Pattern of vāta occluded by food (TM2) ⇒,,Pattern of vāta occluded by food (TM2),http://id.who.int/icd/entity/1104548238,FOUNDATION_CONCEPT_ONLY,FOUNDATION_ONLY,0.686504558690066,NAMASTE_OFFICIAL + WHO_API,NAMASTE_PROTOTYPE_V1,(a) annāvṛtavātaḥ,अन्नावृतवातः,-,-,-,Index,,,
AAE,AAE,sthAnaviSeSha-kupitavAtaH,location specific vitiated vāta,,,,UNMAPPED,UNMAPPED,,NAMASTE_OFFICIAL,NAMASTE_PROTOTYPE_V1,sthānaviśēṣa-kupitavātaḥ,स्थानविशेष-कुपितवातः,-,-,-,-,,,
AAE-1,AAE-1,koShThASritavAtakopaH,vitiated vāta in kōṣṭha,,,,UNMAPPED,UNMAPPED,,NAMASTE_OFFICIAL,NAMASTE_PROTOTYPE_V1,kōṣṭhāśritavātakōpaḥ,कोष्ठाश्रितवातकोपः,-,"the disorder is characterized by arśaḥ [hemorrhoids], gulmaḥ [palpable glandular enlargment in abdomen/abdominal lump], pārśvaśūlam [pain in sides of chest/flanks], bradhnaḥ [inguinal swelling/herniation], mūtranigrahaḥ [retention of urine], varca-nigrahaḥ [retention of faeces], hr̥drōgaḥ [diseases of heart]",-,-,,,
AAE-2,AAE-2,sarvA~ggakupitavAtaH,vitiated vāta in entire body,,,,UNMAPPED,UNMAPPED,,NAMASTE_OFFICIAL,NAMASTE_PROTOTYPE_V1,sarvāṅgakupitavātaḥ,सर्वाङ्गकुपितवातः,-,"the disorder is characterized by gātrasphuraṇam [flickering/twitching in various parts of body], sandhisphuṭanam [bursting type of pain in joints], gātrabhañjanam [feeling as if limbs are being broken], vēdanā-parītaḥ [severe pain], tōdaḥ [pricking pain], bhēdaḥ [breaking type of pain], sphuraṇam [pulsating sensation], stambhanam [stiffening of body], ākṣēpaṇam [convulsion], sandhi-ākuñcanam [contraction of joint], sandhi-kampanam [trembling of joint]",-,-,,,
AAE-3,AAE-3,gudasthitavAtaH,vitiated vāta in rectum,,,,UNMAPPED,UNMAPPED,,NAMASTE_OFFICIAL,NAMASTE_PROTOTYPE_V1,gudasthitavātaḥ,गुदस्थितवातः,-,"the disorder is characterized by viḍgrahaḥ [retention of feces], mūtragrahaḥ [obstruction/retention in the passage of urine], vātagrahaḥ [retention of flatus], śūlam [sharp pain in anus], ādhmānam [abdominal distension], aśmarī [urolithiasis], śarkarā [mutiple gravely particles in urine], jaṅghārōgaḥ(rujā) [pain in calf muscles], jaṅghāśōṣaḥ [wasting of calf region], ūrurōgaḥ(rujā) [pain in thighs], ūruśōṣaḥ [wasting of thighs], trik-rōgaḥ(rujā) [pain in sacral iliac region of back], trik-śōṣaḥ [wasting of sacroiliac region of back], pādarōgaḥ(rujā) [pain in legs/feet], pādaśōṣaḥ [wasting of legs], pr̥ṣṭharōgaḥ(rujā) [pain in back], pr̥ṣṭhaśōṣaḥ [wasting of back]",-,-,,,
AAE-4,AAE-4,AmASayagatavAtaH,vitiated vāta in stomach,,,,UNMAPPED,UNMAPPED,,NAMASTE_OFFICIAL,NAMASTE_PROTOTYPE_V1,āmāśayagatavātaḥ,आमाशयगतवातः,-,"the disorder is characterized by hr̥daya-ruk [pain in the pericordial region/angina pectoris], nābhi- ruk [pain in the umbilical region], pārśvaruk [pain in sides of chest/flanks], udararuk [pain in the abdomen], tr̥ṣṇā [thirst], udgāraḥ [eructation], visūcikā [loose motions and vomitings caused by ama], kāsaḥ [cough], kaṇṭha-śōṣaḥ [dryness in the throat], āsyaśōṣaḥ [dryness in mouth], śvāsaḥ [breathlessness/difficult breathing], vamathuḥ [vomiting], kaṇṭhōparōdhaḥ [choking sensation of throat/obstruction of throat], nābhērūrdhvavyādhayaḥ [diseases of above nabhi/umbilicus]",-,-,,,
AAE-5,AAE-5,pakvASayagatavAtaH,vitiated vāta in colon,,,,UNMAPPED,UNMAPPED,,NAMASTE_OFFICIAL,NAMASTE_PROTOTYPE_V1,pakvāśayagatavātaḥ,पक्वाशयगतवातः,-,"the disorder is characterized by antrakūjanam [barborygmus/gurgling sound of intestines], śūlaḥ [colicky pain in the abdomen], āṭōpaḥ [gurgling sound of the intestines/barborygmus], mūtrakr̥cchram [dysuria], kr̥cchrapurīṣatvam [diffuculty in passing stool], ānāhaḥ [barborygmus with distention], trikavēdanām [pain in the sacroiliac region], malarōdhaḥ [constipation], aśmarī [urolithiasis], vardhma [herniation], arśas [haemorrhoids], trikagraham [stiffness of sacroiliac region], pr̥ṣṭhagraham [stiffness of back], kaṭigraham [stiffness of low back]",-,-,,,
ABB-1,ABB-1(SK7Y),akShipAkaH (kEvalapitta),Bloodshot eye disorder (TM2) ⇒,,Bloodshot eye disorder (TM2),http://id.who.int/icd/entity/1398421588,FOUNDATION_CONCEPT_ONLY,FOUNDATION_ONLY,0.6277154942325458,NAMASTE_OFFICIAL + WHO_API,NAMASTE_PROTOTYPE_V1,(a) akṣipākaḥ,अक्षिपाकः (केवलपित्त),-,-,-,Index,,,
ABB-10,ABB-10(SP9Y),UShmAdhikyam (kEvalapitta),Excessive temperature disorder (TM2) ⇒,,Excessive temperature disorder (TM2),http://id.who.int/icd/entity/1257886519,FOUNDATION_CONCEPT_ONLY,FOUNDATION_ONLY,0.4928011118463908,NAMASTE_OFFICIAL + WHO_API,NAMASTE_PROTOTYPE_V1,(a) ūṣmādhikyam,ऊष्माधिक्यम् (केवलपित्त),-,-,-,Index,,,
ABB-11,ABB-11(SP9Y),oShaH (kEvalapitta),Burning sensation with sweating and restlessness disorder (TM2) ⇒,,Burning sensation with sweating and restlessness disorder (TM2),http://id.who.int/icd/entity/428189747,FOUNDATION_CONCEPT_ONLY,FOUNDATION_ONLY,0.8827115528307986,NAMASTE_OFFICIAL + WHO_API,NAMASTE_PROTOTYPE_V1,(a) oṣaḥ,ओषः (केवलपित्त),-,-,-,Index,,,
ABB-17,ABB-17(SP98),tamapraveSaH/tamaH-atidarSanam (kEvalapitta),Blackout disorder (TM2) ⇒,,Blackout disorder (TM2),http://id.who.int/icd/entity/952535147,FOUNDATION_CONCEPT_ONLY,FOUNDATION_ONLY,0.7528518518857243,NAMASTE_OFFICIAL + WHO_API,NAMASTE_PROTOTYPE_V1,"(a) tamapraveśaḥ, (a) tamaḥ-atidarśanam",तमप्रवेशः/तमः-अतिदर्शनम् (केवलपित्त),-,-,-,Index,,,
ABB-21,ABB-21(SP9Y),tvagdAhaH (kEvalapitta),Burning sensation in the skin disorder (TM2) ⇒,,Burning sensation in the skin disorder (TM2),http://id.who.int/icd/entity/1228065790,FOUNDATION_CONCEPT_ONLY,FOUNDATION_ONLY,0.7965074265329162,NAMASTE_OFFICIAL + WHO_API,NAMASTE_PROTOTYPE_V1,(a) tvagdāhaḥ,त्वग्दाहः (केवलपित्त),-,-,-,Index,,,
ABB-22,ABB-22(SP9Y),davaH (kEvalapitta),Burning sensation of buccal cavity disorder (TM2) ⇒,,Burning sensation of buccal cavity disorder (TM2),http://id.who.int/icd/entity/1987318426,FOUNDATION_CONCEPT_ONLY,FOUNDATION_ONLY,0.8313910792843683,NAMASTE_OFFICIAL + WHO_API,NAMASTE_PROTOTYPE_V1,(a) davaḥ,दवः (केवलपित्त),-,-,-,Index,,,
ABB-23,ABB-23(SP9Y),davathuH (kEvalapitta),Burning sensation of sense organs disorder (TM2) ⇒,,Burning sensation of sense organs disorder (TM2),http://id.who.int/icd/entity/387066129,FOUNDATION_CONCEPT_ONLY,FOUNDATION_ONLY,0.8241970798681088,NAMASTE_OFFICIAL + WHO_API,NAMASTE_PROTOTYPE_V1,(a) davathuḥ,दवथुः (केवलपित्त),-,-,-,Index,,,
ABB-24,ABB-24(SP9Y),dAhaH (kEvalapitta),Burning sensation disorder (TM2) ⇒,,Burning sensation disorder (TM2),http://id.who.int/icd/entity/1668242498,FOUNDATION_CONCEPT_ONLY,FOUNDATION_ONLY,0.7572700200778886,NAMASTE_OFFICIAL + WHO_API,NAMASTE_PROTOTYPE_V1,(a) dāhaḥ,दाहः (केवलपित्त),-,-,-,Index,,,
ABB-25,ABB-25(SP9Y),dhUmakaH/dhUmodgAraH (kEvalapitta),Fuming sensation disorder (TM2) ⇒,,Fuming sensation disorder (TM2),http://id.who.int/icd/entity/789265516,FOUNDATION_CONCEPT_ONLY,FOUNDATION_ONLY,0.5196433868968734,NAMASTE_OFFICIAL + WHO_API,NAMASTE_PROTOTYPE_V1,"(a) dhūmakaḥ, (a) dhūmodgāraḥ",धूमकः/धूमोद्गारः (केवलपित्त),-,-,-,Index,,,
ABB-28,ABB-28(SP9Y),ploShaH (kEvalapitta),Scorching pain disorder (TM2) ⇒,,Scorching pain disorder (TM2),http://id.who.int/icd/entity/1535343763,FOUNDATION_CONCEPT_ONLY,FOUNDATION_ONLY,0.7212088273744287,NAMASTE_OFFICIAL + WHO_API,NAMASTE_PROTOTYPE_V1,(a) ploṣaḥ,प्लोषः (केवलपित्त),-,-,-,Index,,,
ABB-29,ABB-29(SP2Y),mAMsakledaH (kEvalapitta),Putrefaction disorder (TM2) ⇒,,Putrefaction disorder (TM2),http://id.who.int/icd/entity/1278546025,FOUNDATION_CONCEPT_ONLY,FOUNDATION_ONLY,0.4495213493306184,NAMASTE_OFFICIAL + WHO_API,NAMASTE_PROTOTYPE_V1,(a) māṃsakledaḥ,मांसक्लेदः (केवलपित्त),-,-,-,Index,,,
ABB-3,ABB-3(SP9Y),a~ggAvadaraNam (kEvalapitta),Cracking body pain disorder (TM2) ⇒,,Cracking body pain disorder (TM2),http://id.who.int/icd/entity/1739132240,FOUNDATION_CONCEPT_ONLY,FOUNDATION_ONLY,0.7374721179816683,NAMASTE_OFFICIAL + WHO_API,NAMASTE_PROTOTYPE_V1,(a) aṅgāvadaraṇam,अङ्गावदरणम् (केवलपित्त),-,-,-,Index,,,
ABB-30,ABB-30(SP9Y),mAMsadAhaH (kEvalapitta),Burning sensation of muscle disorder (TM2) ⇒,,Burning sensation of muscle disorder (TM2),http://id.who.int/icd/entity/330284847,FOUNDATION_CONCEPT_ONLY,FOUNDATION_ONLY,0.7832125822655648,NAMASTE_OFFICIAL + WHO_API,NAMASTE_PROTOTYPE_V1,(a) māṃsadāhaḥ,मांसदाहः (केवलपित्त),-,-,-,Index,,,
ABB-35,ABB-35(SN5Y),raktamaNDalam (kEvalapitta),Red wheals disorder (TM2) ⇒,,Red wheals disorder (TM2),http://id.who.int/icd/entity/1997308865,FOUNDATION_CONCEPT_ONLY,FOUNDATION_ONLY,0.824555179514701,NAMASTE_OFFICIAL + WHO_API,NAMASTE_PROTOTYPE_V1,(a) raktamaṇḍalam,रक्तमण्डलम् (केवलपित्त),-,-,-,Index,,,
ABB-37,ABB-37(SP9Y),vidAhaH (kEvalapitta),Generalized burning sensation disorder (TM2) ⇒,,Generalized burning sensation disorder (TM2),http://id.who.int/icd/entity/629578496,FOUNDATION_CONCEPT_ONLY,FOUNDATION_ONLY,0.7901446252804888,NAMASTE_OFFICIAL + WHO_API,NAMASTE_PROTOTYPE_V1,(a) vidāhaḥ,विदाहः (केवलपित्त),-,-,-,Index,,,
ABB-45,ABB-45(SN9Y),carmadaraNam/carmadalanam (kEvalapitta),Atopic dermatitis disorder (TM2) ⇒,,Atopic dermatitis disorder (TM2),http://id.who.int/icd/entity/1578434092,FOUNDATION_CONCEPT_ONLY,FOUNDATION_ONLY,0.7132741893085254,NAMASTE_OFFICIAL + WHO_API,NAMASTE_PROTOTYPE_V1,(a) carmadaraṇam                (a) carmadalanam,चर्मदरणम्/चर्मदलनम् (केवलपित्त),-,-,-,Index,,,
ABB-5,ABB-5(SM7Y),atRuptiH (kEvalapitta),Insatiation disorder (TM2) ⇒,,Insatiation disorder (TM2),http://id.who.int/icd/entity/1285730850,FOUNDATION_CONCEPT_ONLY,FOUNDATION_ONLY,0.4787814983736688,NAMASTE_OFFICIAL + WHO_API,NAMASTE_PROTOTYPE_V1,(a) atṛptiḥ,अतृप्तिः (केवलपित्त),-,-,-,Index,,,
ABB-6,ABB-6(SM7Y),antardAhaH (kEvalapitta),Internal burning sensation disorder (TM2) ⇒,,Internal burning sensation disorder (TM2),http://id.who.int/icd/entity/301446694,FOUNDATION_CONCEPT_ONLY,FOUNDATION_ONLY,0.7963254103563915,NAMASTE_OFFICIAL + WHO_API,NAMASTE_PROTOTYPE_V1,(a) antardāhaḥ,अन्तर्दाहः (केवलपित्त),-,-,Burning stomach pain (TM2)  Heart burn (TM2)            Pyrosis (TM2),Index,,,
ABB-7,ABB-7(SM3Y),amlakaH (kEvalapitta),Painful acid eructatons disorder (TM2) ⇒,,Painful acid eructatons disorder (TM2),http://id.who.int/icd/entity/906258493,FOUNDATION_CONCEPT_ONLY,FOUNDATION_ONLY,0.7719001415210685,NAMASTE_OFFICIAL + WHO_API,NAMASTE_PROTOTYPE_V1,(a) amlakaḥ,अम्लकः (केवलपित्त),-,-,-,Index,,,
ABB-8,ABB-8(SP9Y),aMsadAhaH (kEvalapitta),Burning sensation of shoulder disorder (TM2) ⇒,,Burning sensation of shoulder disorder (TM2),http://id.who.int/icd/entity/1564853364,FOUNDATION_CONCEPT_ONLY,FOUNDATION_ONLY,0.8094808936207267,NAMASTE_OFFICIAL + WHO_API,NAMASTE_PROTOTYPE_V1,(a) aṃsadāhaḥ,अंसदाहः (केवलपित्त),-,-,-,Index,,,
ACB-12,ACB-12(SM1Y),kaNThopalepaH/mukhalepaH (kEvala-kapha),Coated oral cavity disorder (TM2) ⇒,,Coated oral cavity disorder (TM2),http://id.who.int/icd/entity/1950774368,FOUNDATION_CONCEPT_ONLY,FOUNDATION_ONLY,0.6595307136116338,NAMASTE_OFFICIAL + WHO_API,NAMASTE_PROTOTYPE_V1,"(a) kaṇṭhopalepaḥ, (a) mukhalepaḥ",कण्ठोपलेपः/मुखलेपः (केवल-कफ),-,-,-,Index,,,
ACB-14,ACB-14(SP9Y),gurugAtratA (kEvala-kapha),Body heaviness disorder (TM2) ⇒,,Body heaviness disorder (TM2),http://id.who.int/icd/entity/776880084,FOUNDATION_CONCEPT_ONLY,FOUNDATION_ONLY,0.403566248581057,NAMASTE_OFFICIAL + WHO_API,NAMASTE_PROTOTYPE_V1,(a) gurugātratā,गुरुगात्रता (केवल-कफ),-,-,-,Index,,,
ACB-15,ACB-15(SQ4Y),tandrA (kEvala-kapha),Drowsiness disorder (TM2) ⇒,,Drowsiness disorder (TM2),http://id.who.int/icd/entity/1760673053,FOUNDATION_CONCEPT_ONLY,FOUNDATION_ONLY,0.7483987634295505,NAMASTE_OFFICIAL + WHO_API,NAMASTE_PROTOTYPE_V1,(a) tandrā,तन्द्रा (केवल-कफ),-,-,-,Index,,,
ACB-16,ACB-16(SM7Y),tRuptiH (kEvala-kapha),Excessive satiation disorder (TM2) ⇒,,Excessive satiation disorder (TM2),http://id.who.int/icd/entity/910706259,FOUNDATION_CONCEPT_ONLY,FOUNDATION_ONLY,0.6060001016226891,NAMASTE_OFFICIAL + WHO_API,NAMASTE_PROTOTYPE_V1,(a) tṛptiḥ,तृप्तिः (केवल-कफ),-,-,-,Index,,,
ACB-2,ACB-2(SM3B),apaktiH (kEvala-kapha),Indigestion disorder due to kapha (TM2) ⇒,,Indigestion disorder due to kapha (TM2),http://id.who.int/icd/entity/1121071345,FOUNDATION_CONCEPT_ONLY,FOUNDATION_ONLY,0.8141838839380745,NAMASTE_OFFICIAL + WHO_API,NAMASTE_PROTOTYPE_V1,(a) apaktiḥ,अपक्तिः (केवल-कफ),-,-,-,Index,,,
ACB-21,ACB-21(SM1Y),mukhamAdhuryam (kEvala-kapha),Feeling of sweet taste disorder (TM2) ⇒,,Feeling of sweet taste disorder (TM2),http://id.who.int/icd/entity/718400449,FOUNDATION_CONCEPT_ONLY,FOUNDATION_ONLY,0.7184308647750941,NAMASTE_OFFICIAL + WHO_API,NAMASTE_PROTOTYPE_V1,(a) mukhamādhuryam,मुखमाधुर्यम् (केवल-कफ),-,-,-,Index,,,
ACB-23,ACB-23(SM3B),SItAgnitA (agnimAndyam) (kEvala-kapha),Impaired digestion disorder (TM2) ⇒,,Impaired digestion disorder (TM2),http://id.who.int/icd/entity/1472822825,FOUNDATION_CONCEPT_ONLY,FOUNDATION_ONLY,0.452418650626826,NAMASTE_OFFICIAL + WHO_API,NAMASTE_PROTOTYPE_V1,(a) agnimāndyam,शीताग्निता (अग्निमान्द्यम्) (केवल-कफ),-,-,-,Index,,,
ACB-24,ACB-24(SM7Y),SleShmodgiraNam (kEvala-kapha),Blennemesis disorder (TM2) ⇒,,Blennemesis disorder (TM2),http://id.who.int/icd/entity/747718443,FOUNDATION_CONCEPT_ONLY,FOUNDATION_ONLY,0.5050880541003974,NAMASTE_OFFICIAL + WHO_API,NAMASTE_PROTOTYPE_V1,(a) śleṣmodgiraṇam,श्लेष्मोद्गिरणम् (केवल-कफ),-,-,-,Index,,,
ACB-27,ACB-27(SP9Y),staimityam (kEvala-kapha),Feeling of being covered by wet cloth disorder (TM2) ⇒,,Feeling of being covered by wet cloth disorder (TM2),http://id.who.int/icd/entity/1142265127,FOUNDATION_CONCEPT_ONLY,FOUNDATION_ONLY,0.8607025706751227,NAMASTE_OFFICIAL + WHO_API,NAMASTE_PROTOTYPE_V1,(a) staimityam,स्तैमित्यम् (केवल-कफ),-,-,-,Index,,,
ACB-28,ACB-28(SL6Y),hRudayopalepaH (kEvala-kapha),Chest congestion disorder (TM2) ⇒,,Chest congestion disorder (TM2),http://id.who.int/icd/entity/1674038521,FOUNDATION_CONCEPT_ONLY,FOUNDATION_ONLY,0.5921551253644205,NAMASTE_OFFICIAL + WHO_API,NAMASTE_PROTOTYPE_V1,(a) hṛdayopalepaḥ,हृदयोपलेपः (केवल-कफ),-,-,-,Index,,,
ACB-29,ACB-29(SK5Y),ghargharavAkyatA (kEvala-kapha),Incoherent speech disorder (TM2) ⇒,,Incoherent speech disorder (TM2),http://id.who.int/icd/entity/1386218705,FOUNDATION_CONCEPT_ONLY,FOUNDATION_ONLY,0.8058740281659118,NAMASTE_OFFICIAL + WHO_API,NAMASTE_PROTOTYPE_V1,(a) ghargharavākyatā,घर्घरवाक्यता (केवल-कफ),-,-,-,Index,,,
ACB-7,ACB-7(SR0Y),buddhimAndyam (kEvala-kapha),Lack of decisiveness disorder (TM2) ⇒,,Lack of decisiveness disorder (TM2),http://id.who.int/icd/entity/2095282470,FOUNDATION_CONCEPT_ONLY,FOUNDATION_ONLY,0.5750153258869982,NAMASTE_OFFICIAL + WHO_API,NAMASTE_PROTOTYPE_V1,(a) buddhimāndyam,बुद्धिमान्द्यम् (केवल-कफ),-,-,-,Index,,,
AYU,AYU,vyAdhi-viniScayaH,diagnostic conditions,,,,UNMAPPED,UNMAPPED,,NAMASTE_OFFICIAL,NAMASTE_PROTOTYPE_V1,vyādhi-viniścayaḥ,व्याधि-विनिश्चयः,-,-,-,-,,,
DIS,DIS,vikAraH,disease/disorder,,,,UNMAPPED,UNMAPPED,,NAMASTE_OFFICIAL,NAMASTE_PROTOTYPE_V1,vikāraḥ,विकारः,-,-,-,-,,,
SK20,SK20(AAC-4),arditaH,Facial palsy disorder (TM2),SK20,Facial palsy disorder (TM2),http://id.who.int/icd/release/11/2026-01/mms/673947354,DIRECT_CODE_ALIGNMENT,TM2_MAPPED,0.7322815404468657,NAMASTE_OFFICIAL + WHO_API,NAMASTE_PROTOTYPE_V1,(a) arditaḥ,अर्दितः,-,"It is characterised by deviation of one side of the face, difficulty in speech, loss of wrinkling, non closure of eyes and lips and dribbling of saliva from the angles of mouth This may be explained by: (a) increased vatadosha affecting one half of the face.",-,Primary,,,
SK21,SK21(AAC-30),pa~gguH,Paraplegia disorder (TM2),SK21,Paraplegia disorder (TM2),http://id.who.int/icd/release/11/2026-01/mms/1338037818,DIRECT_CODE_ALIGNMENT,TM2_MAPPED,0.6942970245955733,NAMASTE_OFFICIAL + WHO_API,NAMASTE_PROTOTYPE_V1,(a) paṅguḥ,पङ्गुः,-,"It is characterised by flaccidity, loss of function in both lower limbs. This may be explained by: (a) obstruction to body channels or severe lack of nutrition leading to aggravation of vatadosha affecting motor functions.",-,Primary,,,
SK22,SK22(AAC-24),pakShAghAta/pakShavadhaH,Hemiplegia disorder (TM2),SK22,Hemiplegia disorder (TM2),http://id.who.int/icd/release/11/2026-01/mms/559754689,DIRECT_CODE_ALIGNMENT,TM2_MAPPED,0.7343911663848944,NAMASTE_OFFICIAL + WHO_API,NAMASTE_PROTOTYPE_V1,(a) pakṣāghāta (a) pakṣavadhaḥ,पक्षाघात/पक्षवधः,-,"It is characterised by loss of mobility or flaccidity of one side of the body. May be associated with difficulty in swallowing, speech, deranged cognitive functions, tactile sensation. This may be explained by: (a) obstruction to body channels or severe lack of nutrition leading to aggravation of vatadosha affecting motor, sensory and cognitive functions.",-,Primary,,,
SK30,SK30(AAC-11),AkShepakaH,Seizure disorder (TM2),,Epilepsy or seizures,http://id.who.int/icd/release/11/2026-01/mms/1397288146,UNMAPPED,TM2_MAPPED,1.0,NAMASTE_OFFICIAL + WHO_API,NAMASTE_PROTOTYPE_V1,(a) ākṣepakaḥ,आक्षेपकः,-,"It is characterised by sudden, involuntary contractions of muscles, associated with dribbling of saliva, froth in the mouth and deviation of mouth, staring of eyes or rolling of eyeball. This may be explained by: (a) vitiated vatadosha affecting motor faculties.",-,Primary,,,
SK51,SK51(AAC-35),viSvAcI,Cervicobrachial pain disorder (TM2),SK51,Cervicobrachial pain disorder (TM2),http://id.who.int/icd/release/11/2026-01/mms/85602009,DIRECT_CODE_ALIGNMENT,TM2_MAPPED,0.7530605414797169,NAMASTE_OFFICIAL + WHO_API,NAMASTE_PROTOTYPE_V1,(a) viśvācī,विश्वाची,-,"It is characterised by pain in the neck, throat radiating up to the upper limbs, restricted movements. May be associated with, insomnia, temporary loss of hearing, memory. This may be explained by: (a) vitiation of vatadosha, pittadosha affecting neck, upper arms.",-,Primary,,,
SK52,SK52(AAC-36),kampaH/vepathuH,Tremor disorder (TM2),8A04,Disorders associated with tremor,http://id.who.int/icd/release/11/2026-01/mms/645263329,CROSS_CODE_MAPPING,TM2_MAPPED,0.8623454356574608,NAMASTE_OFFICIAL + WHO_API,NAMASTE_PROTOTYPE_V1,(a) kampaḥ,कम्पः/वेपथुः,-,"It is characterised by tremors, rigidity, and may be associated with dryness of the skin and insomnia. This may be explained by: (a) aggravation of vata affecting the motor system.",-,Primary,,,
SK53,SK53(AAB-85),vAk-sa~ggaH (kEvalavAta),Stammering disorder (TM2),SK53,Stammering disorder (TM2),http://id.who.int/icd/release/11/2026-01/mms/668613342,DIRECT_CODE_ALIGNMENT,TM2_MAPPED,0.4137308130596516,NAMASTE_OFFICIAL + WHO_API,NAMASTE_PROTOTYPE_V1,(a) vāk-saṅgaḥ,वाक्-सङ्गः (केवलवात),-,"It is characterised by loss of speech clarity, lalling, strained speech, may be aggravated due to excess speech. This may be explained by: (a) Aggravagtion of vata affecting kapha and faculty of speech.",-,Primary,,,
SK55,SK55(AAC-9),UrustamBaH/ADhyavAtaH,Weakness of thighs due to vata disorder (TM2),SK55,Weakness of thighs due to vata disorder (TM2),http://id.who.int/icd/release/11/2026-01/mms/1647929877,DIRECT_CODE_ALIGNMENT,TM2_MAPPED,0.7960513293553909,NAMASTE_OFFICIAL + WHO_API,NAMASTE_PROTOTYPE_V1,(a) ūrustambhaḥ,ऊरुस्तम्भः/आढ्यवातः,-,"It is characterised by flaccidity,log like immobility of the thighs. This may be explained by: (a) Obstruction of vata by the ama (state of incomplete digestion, transformation or metabolism).",-,Primary,,,
SK84,SK84(AAB-15),uccaiHSrutiH (kEvalavAta),Dysacousia disorder (TM2),SK84,Dysacousia disorder (TM2),http://id.who.int/icd/release/11/2026-01/mms/1696401650,DIRECT_CODE_ALIGNMENT,TM2_MAPPED,0.7999838897988253,NAMASTE_OFFICIAL + WHO_API,NAMASTE_PROTOTYPE_V1,(a) uccaiḥśrutiḥ,उच्चैःश्रुतिः (केवलवात),-,"It is characterised by intolerance to loud sounds. This may be explained by: (a) Increased vatadosha, pittadosha leading to hypersensitivity of ear.",-,Primary,,,
SK91,SK91(AAB-38),ghrANanASaH/nAsAhuNDanam (kEvalavAta),Anosmia disorder (TM2),SK91,Anosmia disorder (TM2),http://id.who.int/icd/release/11/2026-01/mms/1405861608,DIRECT_CODE_ALIGNMENT,TM2_MAPPED,0.7550085256837318,NAMASTE_OFFICIAL + WHO_API,NAMASTE_PROTOTYPE_V1,(a) ghrāṇanāśaḥ,घ्राणनाशः/नासाहुण्डनम् (केवलवात),-,"It is characterised by decreased or loss of the smell. It may be explained by: (a) Vatadosha, kaphadosha blocking nasal passages",-,Primary,,,
SL02,SL02(AAB-22),kaNThodhvaMsaH (kEvalavAta),Hoarseness of voice disorder (TM2),SL02,Hoarseness of voice disorder (TM2),http://id.who.int/icd/release/11/2026-01/mms/1293014912,DIRECT_CODE_ALIGNMENT,TM2_MAPPED,0.8063480635482336,NAMASTE_OFFICIAL + WHO_API,NAMASTE_PROTOTYPE_V1,(a) kaṇṭhodhvaṃsaḥ,कण्ठोध्वंसः (केवलवात),-,"It is characterised by change in the character of voice making it harsh and husky, feeling of roughness and irritation of throat. This may be explained by: (a) Vitiated vata affecting the speech faculties.",-,Primary,,,
SL07,SL07(AAC-33),mUkatvam,Speech disorder (TM2),MA80,Speech or language disturbances,http://id.who.int/icd/release/11/2026-01/mms/312794303,CROSS_CODE_MAPPING,TM2_MAPPED,1.0,NAMASTE_OFFICIAL + WHO_API,NAMASTE_PROTOTYPE_V1,(a) mūkatvam,मूकत्वम्,-,It is characterised by inability to speak. This may be explained by: (a) Vatadosha and kaphadosha affecting speech faculties.,-,Primary,,,
SL21,SL21(AAC-31),minminaH,Hypernasal speech disorder (TM2),SL21,Hypernasal speech disorder (TM2),http://id.who.int/icd/release/11/2026-01/mms/240013389,DIRECT_CODE_ALIGNMENT,TM2_MAPPED,0.8091678134648911,NAMASTE_OFFICIAL + WHO_API,NAMASTE_PROTOTYPE_V1,(a) minminaḥ,मिन्मिनः,-,"It is characterised by hypernasal voice leading to nasal twang. This may be explained by: (a) Obstruction to oral, nasal passages, vitiation of vata.",-,Primary,,,
SL60,SL60(AAB-111),hRunmohaH (kEvalavAta),Slow heart disorder (TM2),SL60,Slow heart disorder (TM2),http://id.who.int/icd/release/11/2026-01/mms/1076215290,DIRECT_CODE_ALIGNMENT,TM2_MAPPED,0.6631987610540818,NAMASTE_OFFICIAL + WHO_API,NAMASTE_PROTOTYPE_V1,(a) hṛnmohaḥ,हृन्मोहः (केवलवात),-,It is characterised by decreased heart rate may be associated with decreased heart function. This may be explained by: (a) Vitiated vata affecting pitta for intellect.,-,Primary,,,
SL62,SL62(AAB-110),hRuddravaH (kEvalavAta),Palpitation disorder (TM2),SL62,Palpitation disorder (TM2),http://id.who.int/icd/release/11/2026-01/mms/1236474281,DIRECT_CODE_ALIGNMENT,TM2_MAPPED,0.7127318174007882,NAMASTE_OFFICIAL + WHO_API,NAMASTE_PROTOTYPE_V1,(a) hṛddravaḥ,हृद्द्रवः (केवलवात),-,It is characterised by feeling of increased beating of the heart which is within the notice of the patient with or without tachycardia. This may be explained by: (a) Vitiation of vata affecting the heart region.,-,Primary,,,
SL72,SL72(ACB-17),dhamanIpraticayaH (kEvala-kapha),Thickened arteries disorder (TM2),SL72,Thickened arteries disorder (TM2),http://id.who.int/icd/release/11/2026-01/mms/1321572188,DIRECT_CODE_ALIGNMENT,TM2_MAPPED,0.5086928960795938,NAMASTE_OFFICIAL + WHO_API,NAMASTE_PROTOTYPE_V1,(a) dhamanīpraticayaḥ,धमनीप्रतिचयः (केवल-कफ),-,"It is characterised by dry skin, feeling of heaviness, cold extremities. This may be explained by: (a) Accumulation of kapha and medas in the vessels.",-,Primary,,,
SM10,SM10(ABB-9),AsyavipAkaH (kEvalapitta),Stomatitis disorder (TM2),SM10,Stomatitis disorder (TM2),http://id.who.int/icd/release/11/2026-01/mms/1918241818,DIRECT_CODE_ALIGNMENT,TM2_MAPPED,0.706590413600277,NAMASTE_OFFICIAL + WHO_API,NAMASTE_PROTOTYPE_V1,(a) āsyavipākaḥ                     (a) mukhpākaḥ,आस्यविपाकः (केवलपित्त),-,"It is characterised by ulcer in the mouth, tongue and spread towards oesophagus and stomach. This may be explained by: (a) Increased pittadosha affecting the mouth.",-,Primary,,,
SM15,SM15(ABB-27),pUtimukhatA (kEvalapitta),Halitosis disorder (TM2),SM15,Halitosis disorder (TM2),http://id.who.int/icd/release/11/2026-01/mms/1953445518,DIRECT_CODE_ALIGNMENT,TM2_MAPPED,0.791325282425611,NAMASTE_OFFICIAL + WHO_API,NAMASTE_PROTOTYPE_V1,(a) pūtimukhatā,पूतिमुखता (केवलपित्त),-,"It is characterised by putrid odour in the mouth. This may be explained by: (a) Vitiated kapha, pitta, blood affecting teeth and gums.",-,Primary,,,
SM1N,SM1N(AAB-74),mukhaSoShaH (kEvalavAta),Xerostomia disorder (TM2),SM1N,Xerostomia disorder (TM2),http://id.who.int/icd/release/11/2026-01/mms/1349561784,DIRECT_CODE_ALIGNMENT,TM2_MAPPED,0.7623998540552384,NAMASTE_OFFICIAL + WHO_API,NAMASTE_PROTOTYPE_V1,(a) mukhaśoṣaḥ,मुखशोषः (केवलवात),-,"It is characterised by dryness of the tongue and may be associated with dryness of mouth, bitterness, heartburn. This may be explained by: (a) Vitiation of kapha, vata affecting the tongue.",-,Primary,,,
SM1P,SM1P(AAB-7),arasaj~jatA (kEvalavAta),Ageusia disorder (TM2),SM1P,Ageusia disorder (TM2),http://id.who.int/icd/release/11/2026-01/mms/524351110,DIRECT_CODE_ALIGNMENT,TM2_MAPPED,0.7938605646922633,NAMASTE_OFFICIAL + WHO_API,NAMASTE_PROTOTYPE_V1,(a) arasajñatā,अरसज्ञता (केवलवात),-,"It is characterised by loss of taste which may be associated with loss of smell, anorexia, increased secretion of saliva. This may be explained by: (a) Impairment of digestive and metabolic factors affecting kapha residing on the tongue.",-,Primary,,,
SM31,SM31(AAC-12),AdhmAnam,Abdominal distension disorder (TM2),SM31,Abdominal distension disorder (TM2),http://id.who.int/icd/release/11/2026-01/mms/1886136086,DIRECT_CODE_ALIGNMENT,TM2_MAPPED,0.5695547892746965,NAMASTE_OFFICIAL + WHO_API,NAMASTE_PROTOTYPE_V1,(a) ādhmānam,आध्मानम्,-,"It is characterised by distension of abdomen, flatulance, gurlging sounds, heaviness may be associated with pain, dyspepsia, constipation and dysuria. This may be explained by: (a) Aggravation of Descending vata affecting the excretory functions.",-,Primary,,,
SM50,SM50(AAB-35),gudArtiH (kEvalavAta),Proctalgia disorder (TM2),SM50,Proctalgia disorder (TM2),http://id.who.int/icd/release/11/2026-01/mms/841741921,DIRECT_CODE_ALIGNMENT,TM2_MAPPED,0.4108260444178746,NAMASTE_OFFICIAL + WHO_API,NAMASTE_PROTOTYPE_V1,(a) gudārtiḥ,गुदार्तिः (केवलवात),-,It is characterised by pain in the anal region radiating to rest of perineum and lower back. This may be explained by: (a) Severe vitiation of Descending vata affecting the anal region.,-,Primary,,,
SM75,SM75(AAC-14),UrdhvavAtaH,Dynamic intestinal obstruction disorder (TM2),SM75,Dynamic intestinal obstruction disorder (TM2),http://id.who.int/icd/release/11/2026-01/mms/460984650,DIRECT_CODE_ALIGNMENT,TM2_MAPPED,0.6236657645281842,NAMASTE_OFFICIAL + WHO_API,NAMASTE_PROTOTYPE_V1,(a) ūrdhvavātaḥ,ऊर्ध्ववातः,-,"It is characterised by severe abdominal colicky pain, projectile vomiting with gastrointestinal contents. This may be explained by: (a) Reversal of Kindling vata, Descending vata functions.",-,Primary,,,
SM81,SM81(AAB-75),mUtranigrahaH (kEvalavAta),Retention of urine disorder (TM2),SM81,Retention of urine disorder (TM2),http://id.who.int/icd/release/11/2026-01/mms/198305416,DIRECT_CODE_ALIGNMENT,TM2_MAPPED,0.498850040376327,NAMASTE_OFFICIAL + WHO_API,NAMASTE_PROTOTYPE_V1,(a) mūtranigrahaḥ,मूत्रनिग्रहः (केवलवात),-,"It is characterised by retention of urine, inability to urinate, abdominal pain. This may be explained by: (a) Retention of the urine due to vātadosha.",-,primary,,,
SM83,SM83(AAC-22),tUnI,Renal colic disorder (TM2),SM83,Renal colic disorder (TM2),http://id.who.int/icd/release/11/2026-01/mms/165944656,DIRECT_CODE_ALIGNMENT,TM2_MAPPED,0.7103389799063506,NAMASTE_OFFICIAL + WHO_API,NAMASTE_PROTOTYPE_V1,(a) tūnī,तूनी,-,"It is characterised by spasmodic pain in loin radiating to pubic region and thigh. It may be associated with haematuria, chills and fever. This may be explained by: (a) Obstruction of urinary passage (due to renal calculi) aggravates vata leading to spasmodic pain.",-,primary,,,
SN00,SN00(ABB-31),meDhrapAkaH (kEvalapitta),Balanitis disorder (TM2),SN00,Balanitis disorder (TM2),http://id.who.int/icd/release/11/2026-01/mms/404581329,DIRECT_CODE_ALIGNMENT,TM2_MAPPED,0.3285435669648821,NAMASTE_OFFICIAL + WHO_API,NAMASTE_PROTOTYPE_V1,(a) meḍhrapākaḥ,मेढ्रपाकः (केवलपित्त),-,"It is characterised by painful swelling and redness of the penis may be associated with radiating pain to loin and thigh region. This may be explained by: (a) Aggravation of pitta affecting skin, muscle resulting in inflammation.",inflammation of the penis,primary,,,
SN03,SN03(AAB-97),SukrakShayaH (kEvalavAta),Oligospermia disorder (TM2),SN03,Oligospermia disorder (TM2),http://id.who.int/icd/release/11/2026-01/mms/207552813,DIRECT_CODE_ALIGNMENT,TM2_MAPPED,0.7832299512349349,NAMASTE_OFFICIAL + WHO_API,NAMASTE_PROTOTYPE_V1,(a) śukrakṣayaḥ,शुक्रक्षयः (केवलवात),-,"It is characterised by decreased quantity and quality of semen, decreased sexual power, spermatorrhoea. This may be explained by: (a) Vitiation of all three dosha affecting male reproductive system.",-,primary,,,
SN07,SN07(AAB-99),SePastamBaH (kEvalavAta),Priapism disorder (TM2),SN07,Priapism disorder (TM2),http://id.who.int/icd/release/11/2026-01/mms/1877747555,DIRECT_CODE_ALIGNMENT,TM2_MAPPED,0.7815570468874037,NAMASTE_OFFICIAL + WHO_API,NAMASTE_PROTOTYPE_V1,(a) śephastambhaḥ,शेफस्तम्भः (केवलवात),-,It is characterised by painful penile erection. This may be explained by: (a) Vitiated vata affecting the penis.,-,primary,,,
SN08,SN08(AAC-7),vAtAShThIlA,Prostatic enlargement disorder (TM2),SN08,Prostatic enlargement disorder (TM2),http://id.who.int/icd/release/11/2026-01/mms/1800515933,DIRECT_CODE_ALIGNMENT,TM2_MAPPED,0.7314275298187812,NAMASTE_OFFICIAL + WHO_API,NAMASTE_PROTOTYPE_V1,(a) vātāṣṭhīlā,वाताष्ठीला,-,"It is characterised by increased frequency of urination, obstruction in passing urine, hesitancy, weak urinary stream. This may be explained by: (a) Vitiated vatadosha affecting urinary system.",-,primary,,,
SN41,SN41(AAB-27),kArShNyam (kEvalavAta),Discoloration of body disorder (TM2),SN41,Discoloration of body disorder (TM2),http://id.who.int/icd/release/11/2026-01/mms/1094833941,DIRECT_CODE_ALIGNMENT,TM2_MAPPED,0.4890655468261448,NAMASTE_OFFICIAL + WHO_API,NAMASTE_PROTOTYPE_V1,(a) kārṣṇyam,कार्ष्ण्यम् (केवलवात),-,It is characterised by discoloration or pigmentation of skin. This may be explained by: (a) Increased vatadosha.,-,Primary,,,
SN42,SN42(AAB-77),raukShyam (kEvalavAta),Dryness of skin disorder (TM2),SN42,Dryness of skin disorder (TM2),http://id.who.int/icd/release/11/2026-01/mms/1166509593,DIRECT_CODE_ALIGNMENT,TM2_MAPPED,0.516714796431938,NAMASTE_OFFICIAL + WHO_API,NAMASTE_PROTOTYPE_V1,(a) raukṣyam,रौक्ष्यम् (केवलवात),-,"It is characterised by dryness, scaliness and cracking of extremities and face. This may be explained by: (a) Increased vata affecting skin",-,Primary,,,
SN44,SN44(ABB-2),a~ggagandhaH (kEvalapitta),Foul body smelling disorder (TM2),SN44,Foul body smelling disorder (TM2),http://id.who.int/icd/release/11/2026-01/mms/1222320114,DIRECT_CODE_ALIGNMENT,TM2_MAPPED,0.6881139230919028,NAMASTE_OFFICIAL + WHO_API,NAMASTE_PROTOTYPE_V1,(a) aṅga-durgandhaḥ,अङ्गगन्धः (केवलपित्त),-,"It is characterised by foul smelling sweat from palm, sole, axilla and groin region. This may be explained by: (a) Predominance of vitiated pitta affecting the skin.",-,Primary,,,
SN4C,SN4C(AAB-30),keSaBUmisPuTanam (kEvalavAta),Scaling of scalp and forehead skin disorder (TM2),SN4C,Scaling of scalp and forehead skin disorder (TM2),http://id.who.int/icd/release/11/2026-01/mms/1120438080,DIRECT_CODE_ALIGNMENT,TM2_MAPPED,0.8410581138404463,NAMASTE_OFFICIAL + WHO_API,NAMASTE_PROTOTYPE_V1,(a) keśabhūmisphuṭanam,केशभूमिस्फुटनम् (केवलवात),-,It is characterised by scaling of scalp / forehead skin. This may be explained by: (a) Increased vatadosha.,-,Primary,,,
SN4R,SN4R(AAB-57),pAruShyam (kEvalavAta),Roughness of skin disorder (TM2),SN4R,Roughness of skin disorder (TM2),http://id.who.int/icd/release/11/2026-01/mms/240793000,DIRECT_CODE_ALIGNMENT,TM2_MAPPED,0.5986630026983945,NAMASTE_OFFICIAL + WHO_API,NAMASTE_PROTOTYPE_V1,(a) pāruṣyam,पारुष्यम् (केवलवात),-,It is characterised by roughness and thickness of skin may be associated with itching. This may be explained by: (a) Vitiated vatadosha.,-,Primary,,,
SN60,SN60(AAB-49),nakhaBedaH (kEvalavAta),Brittle nails disorder (TM2),SN60,Brittle nails disorder (TM2),http://id.who.int/icd/release/11/2026-01/mms/749377975,DIRECT_CODE_ALIGNMENT,TM2_MAPPED,0.6303821007811234,NAMASTE_OFFICIAL + WHO_API,NAMASTE_PROTOTYPE_V1,(a) nakhabhedaḥ,नखभेदः (केवलवात),-,"It is characterised by whitish, mica coloured discoloration, brittleness of nails. This may be explained by: (a) Vitiated digestive and metabolic factors resulting in non absorption of nutrients leading to vitiation of vatadosha.",-,Primary,,,
SP00,SP00(AAC-6),asthiSoShaH,Osteoporosis disorder (TM2),,Osteoporosis due to eating disorders,http://id.who.int/icd/entity/1614749248,FOUNDATION_CONCEPT_ONLY,FOUNDATION_ONLY,0.6562522059350506,NAMASTE_OFFICIAL + WHO_API,NAMASTE_PROTOTYPE_V1,(a) asthiśoṣaḥ,अस्थिशोषः,-,"It is characterised by atrophy, weakness of bones; may lead to fractures. This may be explained by: (a) Weak digestive and metabolic factors, bone metabolism, malnutrition leading to severe aggravation of vata and decrease of kapha.",-,Primary,,,
SP12,SP12(AAE-16),sandhigatavAtaH,Osteoarthritis disorder (TM2),SP12,Osteoarthritis disorder (TM2),http://id.who.int/icd/release/11/2026-01/mms/1911639957,DIRECT_CODE_ALIGNMENT,TM2_MAPPED,0.7739803866519109,NAMASTE_OFFICIAL + WHO_API,NAMASTE_PROTOTYPE_V1,(a) sandhigatavātaḥ,सन्धिगतवातः,-,"It is characterised by pain, swelling, stiffness, hardening and restricted movements of the joint. This may be explained by: (a) Increased vata affecting the joint leading to degenerative changes.",-,Primary,,,
SP15,SP15(AAC-8),avabAhukaH,Frozen shoulder disorder (TM2),SP15,Frozen shoulder disorder (TM2),http://id.who.int/icd/release/11/2026-01/mms/1234160905,DIRECT_CODE_ALIGNMENT,TM2_MAPPED,0.8126556637874397,NAMASTE_OFFICIAL + WHO_API,NAMASTE_PROTOTYPE_V1,(a) avabāhukaḥ,अवबाहुकः,-,"""It is characterised by pain, stiffness and restricted movements of the shoulder joint. This may be explained by: (a) Increased vatadosha affecting the nerves and vessels of shoulder region.",-,Primary,,,
SP20,SP20(AAC-19),khallI,"Muscle pain, twisting disorder (TM2)",SP20,"Muscle pain, twisting disorder (TM2)",http://id.who.int/icd/release/11/2026-01/mms/1815255902,DIRECT_CODE_ALIGNMENT,TM2_MAPPED,0.7217323888608198,NAMASTE_OFFICIAL + WHO_API,NAMASTE_PROTOTYPE_V1,(a) khallī,खल्ली,-,"It is characterised by severe spamodic, cramp like pain in upper or lower limb muscles. It may be shifting in nature. This may be explained by: (a) Severe vitiation of vatadosha.",-,Primary,,,
SP21,SP21(AAB-5),a~ggaviBraMSaH (kEvalavAta),Atony disorder (TM2),SP21,Atony disorder (TM2),http://id.who.int/icd/release/11/2026-01/mms/1722039721,DIRECT_CODE_ALIGNMENT,TM2_MAPPED,0.7168738910131549,NAMASTE_OFFICIAL + WHO_API,NAMASTE_PROTOTYPE_V1,(a) aṅgavibhraṁśaḥ,अङ्गविभ्रंशः (केवलवात),-,"It is characterised by atony or flaccidity of the joints, muscles and body parts. This may be explained by: (a) Obstructed or aggravated vata causes loss of functions, flaccidity.",-,Primary,,,
SP40,SP40(AAC-34),vAtakaNTakam,Achillodynia disorder (TM2),SP40,Achillodynia disorder (TM2),http://id.who.int/icd/release/11/2026-01/mms/63119863,DIRECT_CODE_ALIGNMENT,TM2_MAPPED,0.7967117848524209,NAMASTE_OFFICIAL + WHO_API,NAMASTE_PROTOTYPE_V1,(a) vātakaṇṭakam,वातकण्टकम्,-,It is characterised by pain in heel especially during walking. This may be explained by: (a) Increased vatadosha affecting the heel.,-,Primary,,,
SP41,SP41(AAC-20),gRudhrasI,Sciatica disorder (TM2),SP41,Sciatica disorder (TM2),http://id.who.int/icd/release/11/2026-01/mms/17088197,DIRECT_CODE_ALIGNMENT,TM2_MAPPED,0.7641066384637403,NAMASTE_OFFICIAL + WHO_API,NAMASTE_PROTOTYPE_V1,(a) gṛdhrasī,गृध्रसी,-,"It is characterised by moderate to severe pain, starting from acetabulum of hip bone, mainly travelling laterally to ankle joint and rarely radiating from the medial side of thigh. This may be explained by: (a) Vitiation of vata affecting nerves, tendons, muscles of leg; may be associated with vitiated kapha (resulting in mild pain).",-,Primary,,,
SP42,SP42(AAB-61),pRuShTha-grahaH (kEvalavAta),Lumbar spondylosis disorder (TM2),SP42,Lumbar spondylosis disorder (TM2),http://id.who.int/icd/release/11/2026-01/mms/1263752098,DIRECT_CODE_ALIGNMENT,TM2_MAPPED,0.7830813597393345,NAMASTE_OFFICIAL + WHO_API,NAMASTE_PROTOTYPE_V1,(a) pṛṣṭha-grahaḥ,पृष्ठ-ग्रहः (केवलवात),-,"It is characterised by backache of various degrees associated with stiffness and immobility. This may be explained by: (a) Vitiation of vata, kapha affecting the local muscle tissue.",-,Primary,,,
SP45,SP45(AAB-33),grIvAstamBaH (kEvalavAta),Cervical spondylosis disorder (TM2),SP45,Cervical spondylosis disorder (TM2),http://id.who.int/icd/release/11/2026-01/mms/212111852,DIRECT_CODE_ALIGNMENT,TM2_MAPPED,0.8302068368867302,NAMASTE_OFFICIAL + WHO_API,NAMASTE_PROTOTYPE_V1,(a) grīvāstambhaḥ,ग्रीवास्तम्भः (केवलवात),-,"It is characterised by pain, stiffness of the neck. This may be explained by: (a) Vitiation of vata causing stiffness of neck muscles.",-,Primary,,,
SP61,SP61(AAB-29),kArSyam (kEvalavAta),Emaciation disorder (TM2),SP61,Emaciation disorder (TM2),http://id.who.int/icd/release/11/2026-01/mms/683889528,DIRECT_CODE_ALIGNMENT,TM2_MAPPED,0.7770945236248645,NAMASTE_OFFICIAL + WHO_API,NAMASTE_PROTOTYPE_V1,(a) kārśyam,कार्श्यम् (केवलवात),-,"It is characterised by sudden or gradual loss of body weight, loss of muscle. This may be explained by: (a) Emaciation in the body due to vitiation of vāta.",-,Primary,,,
SP62,SP62(BD-2),medovRuddhiH,High fat disorder (TM2),SP62,High fat disorder (TM2),http://id.who.int/icd/release/11/2026-01/mms/832544714,DIRECT_CODE_ALIGNMENT,TM2_MAPPED,0.5866032711973262,NAMASTE_OFFICIAL + WHO_API,NAMASTE_PROTOTYPE_V1,(a) medovṛddhiḥ,मेदोवृद्धिः,-,"It is characterised by generalized increase of fatty tissue in the body and may be associated with hyperlipidemia. This may be explained by: (a) Impaired digestive and metabolic factors related to fat tissue, deranged vata, kapha",-,Primary,,,
SP95,SP95(AAB-41),jRumBA (kEvalavAta),Excessive yawning disorder (TM2),SP95,Excessive yawning disorder (TM2),http://id.who.int/icd/release/11/2026-01/mms/562399900,DIRECT_CODE_ALIGNMENT,TM2_MAPPED,0.7960374260607628,NAMASTE_OFFICIAL + WHO_API,NAMASTE_PROTOTYPE_V1,(a) jr̥mbhā,जृम्भा (केवलवात),-,It is characterised by morbid excessive yawning. This may be explained by: (a) Increased vatadosha.,-,Primary,,,
SP96,SP96(ACB-3),Alasyam (kEvala-kapha),Laziness disorder (TM2),SP96,Laziness disorder (TM2),http://id.who.int/icd/release/11/2026-01/mms/721956344,DIRECT_CODE_ALIGNMENT,TM2_MAPPED,0.434947771551091,NAMASTE_OFFICIAL + WHO_API,NAMASTE_PROTOTYPE_V1,(a) ālasyam,आलस्यम् (केवल-कफ),-,It is characterised by unwillngness to take be physically active and avoiding engaging in mentally active activities. This may be explained by: (a) Excess kapha obstruting the mental faculties and pitta for intellect.,-,Primary,,,
SP97,SP97(AAB-26),klamaH (kEvalavAta),Severe fatigue disorder (TM2),SP97,Severe fatigue disorder (TM2),http://id.who.int/icd/release/11/2026-01/mms/1217546582,DIRECT_CODE_ALIGNMENT,TM2_MAPPED,0.6972702561309196,NAMASTE_OFFICIAL + WHO_API,NAMASTE_PROTOTYPE_V1,(a) klamaḥ,क्लमः (केवलवात),-,"It is characterised by feeling extreme exhaustion even without any physical effort, work. This may be explained by: (a) Vitiation of all the three dosha, seven elementary tissues and ojas.",-,Primary,,,
SQ00,SQ00(AAB-1),atipralApaH (kEvalavAta),Delirium disorder (TM2),SQ00,Delirium disorder (TM2),http://id.who.int/icd/release/11/2026-01/mms/1976940353,DIRECT_CODE_ALIGNMENT,TM2_MAPPED,0.6753293409716752,NAMASTE_OFFICIAL + WHO_API,NAMASTE_PROTOTYPE_V1,(a) atipralāpaḥ                       (a) pralāpakaḥ,अतिप्रलापः (केवलवात),-,"It is characterised by irrelevant and irrational talk, mental confusion. This may be explained by: (a) Vitiation of Vata affecting motor and intellectual faculties.",-,Primary,,,
SQ05,SQ05(AAB-2),anavasthitacittatvam (kEvalavAta),"Lack of concentration, confusion disorder (TM2)",SQ05,"Lack of concentration, confusion disorder (TM2)",http://id.who.int/icd/release/11/2026-01/mms/1851825829,DIRECT_CODE_ALIGNMENT,TM2_MAPPED,0.6733595665358494,NAMASTE_OFFICIAL + WHO_API,NAMASTE_PROTOTYPE_V1,(a) anavasthitacittatvam,अनवस्थितचित्तत्वम् (केवलवात),-,"It is characterised by difficulty to concentrate, fickleness, confusion. This may be explained by: (a) Vitiation of vata affecting the mind.",-,Primary,,,
SQ40,SQ40(ACB-18),nidrAdhikyam (kEvala-kapha),Hypersomnia disorder (TM2),SQ40,Hypersomnia disorder (TM2),http://id.who.int/icd/release/11/2026-01/mms/1708364937,DIRECT_CODE_ALIGNMENT,TM2_MAPPED,0.7432945368810047,NAMASTE_OFFICIAL + WHO_API,NAMASTE_PROTOTYPE_V1,(a) nidrādhikyam,निद्राधिक्यम् (केवल-कफ),-,"It is characterised by excess, prolonged deep sleep. This may be explained by: (a) Deranged digestive and metabolic factors, increased kapha and decreased vata.",-,Primary,,,
SR10,SR10(AAA-2.1),vAtaprakopaH,Vitiation of vāta pattern (TM2),SR10,Vitiation of vāta pattern (TM2),http://id.who.int/icd/release/11/2026-01/mms/1885164289,DIRECT_CODE_ALIGNMENT,TM2_MAPPED,0.6679133170598168,NAMASTE_OFFICIAL + WHO_API,NAMASTE_PROTOTYPE_V1,(a) vātaprakopaḥ,वातप्रकोपः,-,It is characterized by abdominal pain and increased gaseous movements in abdomen. This may be explained by aggravation of vatadosha at its designated site and preparing to cause certain morbidity.,-,Primary,,,
SR11,SR11(AAA-1),vAtasa~jcayaH,Accumulation of Vata pattern (TM2),SR11,Accumulation of Vata pattern (TM2),http://id.who.int/icd/release/11/2026-01/mms/1329167995,DIRECT_CODE_ALIGNMENT,TM2_MAPPED,0.603446024394746,NAMASTE_OFFICIAL + WHO_API,NAMASTE_PROTOTYPE_V1,(a) vātasañcayaḥ,वातसञ्चयः,-,"It is characterized by impaired movements of vāta, fullness of abdomen and aversion to factors causing of increase of vāta such as cold. This may be explained by accumulation of vatadosha at the designated site to a moderate level resulting in accumulation.",-,Primary,,,
SR12,SR12(AAA-2),vAtavRuddhiH,Aggravation of vata pattern (TM2),SR12,Aggravation of vata pattern (TM2),http://id.who.int/icd/release/11/2026-01/mms/1442514125,DIRECT_CODE_ALIGNMENT,TM2_MAPPED,0.6316509702063926,NAMASTE_OFFICIAL + WHO_API,NAMASTE_PROTOTYPE_V1,(a) vātavṛddhiḥ,वातवृद्धिः,-,"It is characterized by roughness or hoarseness of voice, emaciation, blackish discoloration of body, twitching in various parts of body, desire for warmth, insomnia, reduced physical strength, hard stools. This may be explained by marked increase of vatadosha functions and consequent physiological and pathological ramifications.",Increased vāta (TM2),Primary,,,
SR13,SR13(AAA-3),vAtaprasaraNam,Spreading of vata pattern (TM2),SR13,Spreading of vata pattern (TM2),http://id.who.int/icd/release/11/2026-01/mms/1601610657,DIRECT_CODE_ALIGNMENT,TM2_MAPPED,0.6003851005434311,NAMASTE_OFFICIAL + WHO_API,NAMASTE_PROTOTYPE_V1,(a) vātaprasaraḥ,वातप्रसरणम्,-,"It is characterized by abnormal movements of vāta, abdominal distension and gurgling sound in the abdomen. This may be explained by spreading of vatadosha from place of accumulation to other parts or entire body.",-,Primary,,,
SR14,SR14(AAA-4),vAtakShayaH,Depletion of vata pattern (TM2),SR14,Depletion of vata pattern (TM2),http://id.who.int/icd/release/11/2026-01/mms/190125246,DIRECT_CODE_ALIGNMENT,TM2_MAPPED,0.6239297081691424,NAMASTE_OFFICIAL + WHO_API,NAMASTE_PROTOTYPE_V1,(a) vātakṣayaḥ,वातक्षयः,-,"It is characterized by sluggishness in activities, reduced talking, lack of interest in activities, loss of consciousness. This may be explained by marked decrease of vatadosha functions and consequent physiological and pathological ramifications.",-,Primary,,,
SR15,SR15(ABA-2.1),pittaprakopaH,Vitiation of pitta pattern (TM2),SR15,Vitiation of pitta pattern (TM2),http://id.who.int/icd/release/11/2026-01/mms/2063185539,DIRECT_CODE_ALIGNMENT,TM2_MAPPED,0.6751625959164786,NAMASTE_OFFICIAL + WHO_API,NAMASTE_PROTOTYPE_V1,(a) pittaprakopaḥ,पित्तप्रकोपः,-,"It is characterized by sour eructation, excessive thirst and burning sensation. This may be explained by aggravation of pittadosha at its designated site and preparing to cause certain morbidity.",-,Primary,,,
SR16,SR16(ABA-1),pittasa~jcayaH,Accumulation of pitta pattern (TM2),SR16,Accumulation of pitta pattern (TM2),http://id.who.int/icd/release/11/2026-01/mms/30979026,DIRECT_CODE_ALIGNMENT,TM2_MAPPED,0.6137394510914213,NAMASTE_OFFICIAL + WHO_API,NAMASTE_PROTOTYPE_V1,(a) pittasañcayaḥ,पित्तसञ्चयः,-,It is characterized by yellowish discoloration of body and mild raised body temperature. This may be explained by accumulation of pittadosha at the designated site.,-,Primary,,,
SR17,SR17(ABA-2),pittavRuddhiH,Aggravation of pitta pattern (TM2),SR17,Aggravation of pitta pattern (TM2),http://id.who.int/icd/release/11/2026-01/mms/1268749195,DIRECT_CODE_ALIGNMENT,TM2_MAPPED,0.6405486538272416,NAMASTE_OFFICIAL + WHO_API,NAMASTE_PROTOTYPE_V1,(a) pittavṛddhiḥ,पित्तवृद्धिः,-,"It is characterized by yellowish discoloration of the body, increased body heat, desire for cold, reduced sleep, loss of consciousness, weakness of body and sense organs, yellowish discoloration of stool, urine and eyes. This may be explained by marked increase of pittadosha functions and consequent physiological and pathological ramifications.",Increased pitta (TM2),Primary,,,
SR18,SR18(ABA-3),pittaprasaraH,Spreading of pitta pattern (TM2),SR18,Spreading of pitta pattern (TM2),http://id.who.int/icd/release/11/2026-01/mms/611199268,DIRECT_CODE_ALIGNMENT,TM2_MAPPED,0.6108359525657789,NAMASTE_OFFICIAL + WHO_API,NAMASTE_PROTOTYPE_V1,(a) pittaprasaraḥ,पित्तप्रसरः,-,"It is characterized by localised or whole body burning sensation, feeling of smoky eructation. This may be explained by spreading of pittadosha from place of accumulation to other parts or entire body.",-,Primary,,,
SR19,SR19(ABA-4),pittakShayaH,Depletion of pitta pattern (TM2),SR19,Depletion of pitta pattern (TM2),http://id.who.int/icd/release/11/2026-01/mms/829777916,DIRECT_CODE_ALIGNMENT,TM2_MAPPED,0.6331996307247122,NAMASTE_OFFICIAL + WHO_API,NAMASTE_PROTOTYPE_V1,pittakṣayaḥ,पित्तक्षयः,-,"It is characterized by reduced body temperature and reduced digestive power, reduced luste of the body. This may be explained by marked decrease of pittadosha functions and consequent physiological and pathological ramifications.",-,Primary,,,
SR1A,SR1A(ACA-2.1),kaPaprakopaH,Vitiation of kapha pattern (TM2),SR1A,Vitiation of kapha pattern (TM2),http://id.who.int/icd/release/11/2026-01/mms/240694420,DIRECT_CODE_ALIGNMENT,TM2_MAPPED,0.6768802086631713,NAMASTE_OFFICIAL + WHO_API,NAMASTE_PROTOTYPE_V1,(a) kaphaprakopaḥ,कफप्रकोपः,-,It is characterized by aversion to food and nausea. This may be explained by aggravation of kaphadosha at its designated site and preparing to cause certain morbidity.,-,Primary,,,
SR1B,SR1B(ACA-1),kaPasa~jcayaH,Accumulation of kapha pattern (TM2),SR1B,Accumulation of kapha pattern (TM2),http://id.who.int/icd/release/11/2026-01/mms/1803753767,DIRECT_CODE_ALIGNMENT,TM2_MAPPED,0.6161656136478669,NAMASTE_OFFICIAL + WHO_API,NAMASTE_PROTOTYPE_V1,(a) kaphasañcayaḥ,कफसञ्चयः,-,It is characterized by heaviness of the body and lethargy. This may be explained by accumulation of kapha at the designated site.,-,Primary,,,
SR1C,SR1C(ACA-2),kaPavRuddhiH,Aggravation of kapha pattern (TM2),SR1C,Aggravation of kapha pattern (TM2),http://id.who.int/icd/release/11/2026-01/mms/738124640,DIRECT_CODE_ALIGNMENT,TM2_MAPPED,0.6426506348597879,NAMASTE_OFFICIAL + WHO_API,NAMASTE_PROTOTYPE_V1,(a) kaphavṛddhiḥ,कफवृद्धिः,-,"It is characterized by whitish discoloration of body, feeling of cold, reduced mobility of the body, heaviness of the body, fatigue, feeling of drowsiness, excessive sleep, loosening of joints. This may be explained by marked increase of kaphadosha functions and consequent physiological and pathological ramifications.",Increased kapha (TM2),Primary,,,
SR1D,SR1D(ACA-3),kaPaprasaraH,Spreading of kapha pattern (TM2),SR1D,Spreading of kapha pattern (TM2),http://id.who.int/icd/release/11/2026-01/mms/561202228,DIRECT_CODE_ALIGNMENT,TM2_MAPPED,0.6132986105877927,NAMASTE_OFFICIAL + WHO_API,NAMASTE_PROTOTYPE_V1,(a) kaphaprasaraḥ,कफप्रसरः,-,"It is characterized by tastelessness, indigestion, feeling of tiredness, vomiting. This may be explained by spreading of kaphadosha from the place of accumulation to other parts or entire body.",-,Primary,,,
SR1E,SR1E(ACA-4),kaPakShayaH,Depletion of kapha pattern (TM2),SR1E,Depletion of kapha pattern (TM2),http://id.who.int/icd/release/11/2026-01/mms/792950112,DIRECT_CODE_ALIGNMENT,TM2_MAPPED,0.635388179208723,NAMASTE_OFFICIAL + WHO_API,NAMASTE_PROTOTYPE_V1,(a) kaphakṣayaḥ,कफक्षयः,-,"It is characterized by dryness of body, burning sensation inside the body, laxity of joints, thirst, weakness, reduced sleep. This may be explained by marked decrease of pittadosha functions and consequent physiological and pathological ramifications.",-,Primary,,,
SR20,SR20(AAD),AvRuta-vAtaH/AvaraNavAta,Pattern of occlusion (TM2),SR20,Pattern of occlusion (TM2),http://id.who.int/icd/release/11/2026-01/mms/979641157,DIRECT_CODE_ALIGNMENT,TM2_MAPPED,0.2650677666022549,NAMASTE_OFFICIAL + WHO_API,NAMASTE_PROTOTYPE_V1,(a) āvaraṇa,आवृत-वातः/आवरणवात,-,"It is characterised by hampering of the normal functioning of the dosha leading to local or systemic symptoms. This may be explained the occlusion of the free flowing and all-pervading Vata dosha or subtype of it by one another or by Pitta, Kapha, tissues, food and excreta.",-,Primary,,,
SR40,SR40(B),dhAtuvaiShamyam,"Vitiation of ""primary structural components of the body"" pattern (TM2)",SR40,"Vitiation of ""primary structural components of the body"" pattern (TM2)",http://id.who.int/icd/release/11/2026-01/mms/1531867635,DIRECT_CODE_ALIGNMENT,TM2_MAPPED,0.7706248830100793,NAMASTE_OFFICIAL + WHO_API,NAMASTE_PROTOTYPE_V1,dhātuvaiṣamyam,धातुवैषम्यम्,-,disturbance of homeostasis leading to an abnormal or pathological or diseased state,-,Primary,,,
SR41,SR41(BA-2),rasavRuddhiH,Aggravation of primary circulating nutrient fluid pattern (TM2),SR41,Aggravation of primary circulating nutrient fluid pattern (TM2),http://id.who.int/icd/release/11/2026-01/mms/1300251309,DIRECT_CODE_ALIGNMENT,TM2_MAPPED,0.7933828903497777,NAMASTE_OFFICIAL + WHO_API,NAMASTE_PROTOTYPE_V1,(a) rasavṛddhiḥ,रसवृद्धिः,-,"It is characterised by nausea, excessive salivation, tastelessness, distaste of mouth, obstruction in channels, aversion to eating sweet food, generalised body ache, white discolouration, coldness, obesity, lethargy, heaviness, exhaustion, tiredness, obstruction to flow of primary product of digested food, syncope, attacks of swooning, excessive sleep, drowsiness, lassitude, breathlessness, cough, loosening and dislocation of joints, flaccidity, laxity in body parts, diminution of digestive power, loss of appetite associated with gasping and bloating. (a) This may be explained by morbid increase of circulating fluid.",-,Primary,,,
SR42,SR42(BA-1),rasakShayaH,Depletion of primary circulating nutrient fluid pattern (TM2),SR42,Depletion of primary circulating nutrient fluid pattern (TM2),http://id.who.int/icd/release/11/2026-01/mms/1192093121,DIRECT_CODE_ALIGNMENT,TM2_MAPPED,0.7909756306925572,NAMASTE_OFFICIAL + WHO_API,NAMASTE_PROTOTYPE_V1,(a) rasakṣayaḥ,रसक्षयः,-,"It is characterized by shaking, Intolerance to hearing loud noises, palpitation of heart, palpitation on little exertion, body pain, precordial pain, cardiac pain, tremors, absence of mind, feeling of emptiness in body, thirst, dryness, wasting, emaciation, palpitation, tiredness on little exertion, dyspnoea on exertion, dryness, fatigue in mind and body. (a) This may be explained by morbid decrease of circulating fluid.",Decrease in chyle (TM2),Primary,,,
SR43,SR43(BB-2),raktavRuddhiH,Morbid increase of blood pattern (TM2),SR43,Morbid increase of blood pattern (TM2),http://id.who.int/icd/release/11/2026-01/mms/1486556277,DIRECT_CODE_ALIGNMENT,TM2_MAPPED,0.6825413528557764,NAMASTE_OFFICIAL + WHO_API,NAMASTE_PROTOTYPE_V1,(a) raktavṛddhiḥ,रक्तवृद्धिः,-,"It is characterised by redness of the skin, body parts, reddish coloured eyes, the fullness of blood vessels, skin disease, spreading cellulitis, erysipelas, boils, eruptions, irregular or excessive menstruation, redness and inflammation of eyes, mouth, penis, anus, gums, splenomegaly, abdominal lump, abscess, blackish patches on the face, jaundice, polyarthritis, unconsciousness, confusion, urine with blood, bleeding, throbbing pain, anorexia and colic pain. (a) This may be explained by morbid incerease of blood.",-,Primary,,,
SR44,SR44(BB-1),raktakShayaH,Depletion of blood pattern (TM2),SR44,Depletion of blood pattern (TM2),http://id.who.int/icd/release/11/2026-01/mms/1377217305,DIRECT_CODE_ALIGNMENT,TM2_MAPPED,0.5889000358332908,NAMASTE_OFFICIAL + WHO_API,NAMASTE_PROTOTYPE_V1,(a) raktakṣayaḥ,रक्तक्षयः,-,"It is characterized by rough, dry , cracked, faded, lusterless skin, desire for sour taste, cold, laxity of vessels, tortuous vesselsm, pallor, tiredness, burning sensation over the feet and lassitude. (a) This may be explained by morbid decrease of blood.",-,Primary,,,
SR45,SR45(BC-2),mAMsavRuddhiH,Excessive increase of muscular tissues pattern (TM2),SR45,Excessive increase of muscular tissues pattern (TM2),http://id.who.int/icd/release/11/2026-01/mms/1740037917,DIRECT_CODE_ALIGNMENT,TM2_MAPPED,0.6666873695265494,NAMASTE_OFFICIAL + WHO_API,NAMASTE_PROTOTYPE_V1,(a) māṃsavṛddhiḥ,मांसवृद्धिः,-,"It is characterized by enlargement of hips, cheeks, lips, temple; penis, thighs, calf muscles; heaviness of limbs, hips cheeks, abdomen, thighs, calf; diseases of the palate, tongue, throat; glandular swelling in jaw and throat region, chin, nodules in neck region and an increase in muscle mass in the neck. (a) This may be explained by morbid increase of muscle tissue.",-,Primary,,,
SR46,SR46(BC-1),mAMsakShayaH,Depletion of muscular tissues pattern (TM2),SR46,Depletion of muscular tissues pattern (TM2),http://id.who.int/icd/release/11/2026-01/mms/769733242,DIRECT_CODE_ALIGNMENT,TM2_MAPPED,0.6211984111327001,NAMASTE_OFFICIAL + WHO_API,NAMASTE_PROTOTYPE_V1,(a) māṃsakṣayaḥ,मांसक्षयः,-,"It is characterized by wasting of hips, wasting of neck, wasting of abdomen, wasting of cheeks, whole side of the face including the temple, wasting, dryness of lips, wasting, dryness of genitals, penis, wasting of thighs, wasting of chest, wasting of armpits, axilla, wasting of calf, dryness, pricking pain, exhaustion or tiredness of body, flabbiness of arteries, lazy eyes, eye fatigue, splitting type of pain in joints and weakness of five vital senses. (a) This may be explained by morbid decrease of muscle tissue.",-,Primary,,,
SR48,SR48(BD-1),medaHkShayaH,Depletion of adipose tissues pattern (TM2),SR48,Depletion of adipose tissues pattern (TM2),http://id.who.int/icd/release/11/2026-01/mms/955940002,DIRECT_CODE_ALIGNMENT,TM2_MAPPED,0.6924726778573604,NAMASTE_OFFICIAL + WHO_API,NAMASTE_PROTOTYPE_V1,(a) medaḥkṣayaḥ,मेदःक्षयः,-,"It is characterized by breaking, splitting type of pain, fatigue in mind and body, eye stress, sunken abdomen, splenomegaly, hollowness felling in joints, dryness of body parts, desire for fatty meat, numbness in low back, emaciation, exhaustion, fatigue, dryness, wasting, emaciation, signs symptoms of depletion of māṃsa and weakness of muscles in the loin. (a) This may be explained by morbid decrease of fat tissue.",-,Primary,,,
SR49,SR49(BE-2),asthivRuddhiH,Increase of bone tissues pattern (TM2),SR49,Increase of bone tissues pattern (TM2),http://id.who.int/icd/release/11/2026-01/mms/1011346078,DIRECT_CODE_ALIGNMENT,TM2_MAPPED,0.5853165192864704,NAMASTE_OFFICIAL + WHO_API,NAMASTE_PROTOTYPE_V1,(a) asthivṛddhiḥ,अस्थिवृद्धिः,-,"It is characterized by excessive growth of bones, bone growing over another and excessive growth of teeth, redundant tooth which grows over another. (a) This may be explained by morbid increase bone tissue.",-,Primary,,,
SR4A,SR4A(BE-1),asthikShayaH,Depletion of bone tissues pattern (TM2),SR4A,Depletion of bone tissues pattern (TM2),http://id.who.int/icd/release/11/2026-01/mms/919227890,DIRECT_CODE_ALIGNMENT,TM2_MAPPED,0.6337453944847232,NAMASTE_OFFICIAL + WHO_API,NAMASTE_PROTOTYPE_V1,(a) asthikṣayaḥ,अस्थिक्षयः,-,"It is characterized by scalp hair fall, thinning, body hair fall, thinning, nail fall, thinning, beard, moustache fall, thinning, teeth fall, decaying, exhaustion, fatigue, dislocation of joint, lax joints, pain in the bones, gums and tooth, cracked teeth, cracked nail, dryness, roughness, dryness, pricking type of pain in the bones, desire to eat bony-meat. (a) This may be explained by morbid decrease bone tissue.",-,Primary,,,
